PID,score,SMILES,Ester_Groups,Benzene_Rings,Ether_Groups,Alkyl_Carbons,Hydroxyl_Groups,Mol_Weight
P070058,1.8222786331219232,*CC(CO)(CO)CO*,0,0,0,5,2,118.13199999999999
P040236,1.8175121408125685,*CC(*)(C)C(=O)OCC(O)CO,1,0,1,6,2,160.16899999999998
P450057,1.6031148757347942,*CC(O)C(O)COC(=O)O*,0,0,1,4,2,148.11399999999998
P512055,1.5481264083276265,*c1cc(C(C)(C)c2ccc(O)cc2)cc(*)c1O,0,2,0,3,0,226.27499999999998
P370591,1.4898084556222926,*CC(CC)(CO)CO*,0,0,0,6,1,116.15999999999998
P330072,1.4497771353880256,*CC(*)(CC(=O)O)C(=O)O,0,0,0,3,0,130.099
P070661,1.4223664706981642,*CC(C)(CO)CO*,0,0,0,5,1,102.13299999999998
P512050,1.4163009840700136,*Cc1cc(C(C)(C)C)cc(*)c1O,0,1,0,5,0,162.23199999999997
P070419,1.4028971587272454,*CC(O)COc1ccc(C(C)(CC)c2ccc(O*)cc2)cc1,0,2,1,7,1,298.38199999999995
P040250,1.3999022728189126,*CC(*)(C)C(=O)OCC1(C)COCOC1,1,0,3,9,0,200.23399999999992
P392013,1.3938662229649437,*CCCCCCCCCCOC(=O)CC/C=C/CCC(=O)O*,1,0,1,14,0,310.4340000000001
P372599,1.3808618290339625,*OC1C(CO)OC(*)C(N)C1O,0,0,1,6,2,161.15699999999998
P040235,1.3225578125975268,*CC(*)(C)C(=O)OCC(C)O,1,0,1,6,1,144.17
P100621,1.3172007264356504,*Nc1ccc(CC(C)(C)NC(=O)CCC(*)=O)cc1,0,1,0,6,0,246.30999999999997
P100116,1.31122332089096,*CCCC(C)(C)CNC(=O)CCCCCC(=O)N*,0,0,0,12,0,254.37399999999994
P040234,1.293883811912844,*CC(*)(C)C(=O)OCCOCCO,1,0,2,7,1,174.19599999999997
P310005,1.29374788748006,*CCC(C)(C)C(*)(C)C,0,0,0,8,0,112.21599999999998
P462551,1.278644263076982,*CC(O)CN(*)c1cc(C)cc(C)c1,0,1,0,5,1,177.24699999999999
P342282,1.2752537950180027,*CC(*)(C)C(=O)OCC1(CC)COC1,1,0,2,9,0,184.23499999999996
P070369,1.269944768607984,*CC(O)COc1ccc(C(C)(C)c2ccc(O*)cc2)cc1,0,2,1,6,1,284.35499999999996
P090469,1.2604835989469467,*CC(C)(C)COC(=O)CCC(=O)O*,1,0,1,7,0,186.20699999999994
P342413,1.2551926625442,*CC(*)(C)C(=O)OCC(=O)N1CCOCC1,1,0,2,8,0,213.23299999999992
P014525,1.2501409337334688,*CC/C=C(/*)C(C)(C)C,0,0,0,6,0,110.19999999999999
P060023,1.2501409337334688,*CC/C=C(/*)C(C)(C)C,0,0,0,6,0,110.19999999999999
P390134,1.2406197495327995,*CC(C)(CC)COC(=O)CCCCCCCCC(=O)O*,1,0,1,14,0,284.3959999999999
P090457,1.2158297852158892,*CC(C)(C)COC(=O)CCCCC(=O)O*,1,0,1,9,0,214.2609999999999
P070656,1.2068796384761762,*CC(CO*)C(C)(C)C,0,0,0,7,0,114.18799999999999
P402408,1.2045392857860748,*Nc1cc(NC(=O)CCCCC(*)=O)cc(-c2nnc(-c3ccccn3)o2)c1,0,1,0,4,0,363.37700000000007
P342414,1.196723441621783,*CC(*)(C)C(=O)OCC(=O)N1CCCC1,1,0,1,8,0,197.23399999999992
P342263,1.190313173713938,*CC(*)(C)C(=O)OCCC1CCCCC1,1,0,1,11,0,196.2899999999999
P442004,1.1892408612058798,*CC(C)(C)C1C(=O)OC(=O)C1*,2,0,1,6,0,154.16499999999996
P450080,1.189084082968539,*Oc1ccc(C(C)(CC)c2ccc(OC(*)=O)c(Cl)c2)cc1Cl,0,2,1,4,0,337.202
P380053,1.1788876414454266,*CC(CC)(CC)CS*,0,0,0,7,0,130.256
P370754,1.1696722834013928,*CC(O)COc1cccc(O*)c1,0,1,1,3,1,166.17599999999996
P040102,1.1649707223447006,*CC(*)(C)C(=O)OCCO,1,0,1,5,1,130.143
P470027,1.1646203796807066,*O[Si](*)(C)CCCC(=O)OCCO,1,0,1,6,1,190.271
P070564,1.1641500203810016,*CC(O)CO*,0,0,0,3,1,74.079
P373494,1.1633801250532851,*CC(COC(C)(C)C)O*,0,0,1,7,0,130.18699999999998
P362030,1.1583912586655292,*CC(C)(C)C1CC=C(*)CC1,0,0,0,8,0,136.23799999999997
P070504,1.1573382175712483,*CC(CC)(CC)CO*,0,0,0,7,0,114.18799999999999
P020066,1.155141003604768,*CC(*)c1ccc(C(C)(O)CC)cc1,0,1,0,6,1,176.259
P450079,1.1502355880680526,*Oc1ccc(C(C)(CC)c2ccc(OC(*)=O)c(C)c2)cc1C,0,2,1,6,0,296.36600000000004
P070381,1.147539223612541,*CC(CC)(CCl)CO*,0,0,0,6,0,134.606
P044304,1.1460164486766145,*CCCC(*)(C)C(=O)O,0,0,0,5,0,114.14399999999998
P030091,1.1252655472078303,*CC(*)OCC(C)(C)CC,0,0,1,8,0,128.21499999999997
P020067,1.1231014573750944,*CC(*)c1ccc(C(C)(O)CCC)cc1,0,1,0,7,1,190.28599999999997
P080017,1.111445677872871,*CC(C)(CC)CS*,0,0,0,6,0,116.22899999999998
P020068,1.100774528337166,*CC(*)c1ccc(C(C)(O)CCCC)cc1,0,1,0,8,1,204.31299999999996
P040241,1.1003606530873349,*CC(*)(C)C(=O)OCCO[N+](=O)[O-],1,0,1,5,0,175.14
P332054,1.0964600589239553,*CC(*)(CC(=O)OCC)C(=O)O,1,0,1,5,0,158.153
P070396,1.0934301158969926,*CC(O)COc1ccc(O*)cc1,0,1,1,3,1,166.176
P070657,1.0898962697398722,*CC(C)(CC)CO*,0,0,0,6,0,100.16099999999999
P020069,1.0784475474719128,*CC(*)c1ccc(C(C)(O)CCCCC)cc1,0,1,0,9,1,218.33999999999995
P342053,1.0742980527333057,*CC(*)(C)C(=O)Oc1ccc(C(=O)c2ccccc2)c(O)c1,1,2,1,3,0,282.29499999999996
P070371,1.0729667657166169,*CC(O)COc1ccc(S(=O)(=O)c2ccc(O*)cc2)cc1,0,2,1,3,1,306.33899999999994
P312002,1.0720022132412643,*CC(*)C1CCC(C(C)(C)C)CC1,0,0,0,12,0,166.30799999999996
P342153,1.0709685440572003,*CC(*)(C)C(=O)OC1(C)CCOC(=O)C1,2,0,2,8,0,198.21799999999993
P470023,1.0663683850797718,*O[Si](*)(C)CCCC(=O)O,0,0,0,4,0,146.21800000000002
P010055,1.065397962159337,*CC(*)CC(C)(C)C,0,0,0,7,0,98.18899999999998
P342396,1.0631711732092437,*CC(*)(C)C(=O)OCC(=O)Nc1cc(C)on1,1,0,1,5,0,224.21599999999998
P500037,1.0617554990984774,*C/C=C(\C)CS(*)(=O)=O,0,0,0,3,0,132.184
P020065,1.0585475604537518,*CC(*)c1ccc(C(C)(C)O)cc1,0,1,0,5,1,162.232
P150025,1.0561316354141057,*Oc1ccc(C(C)(C)c2ccc(OC(*)=O)c(Cl)c2)cc1Cl,0,2,1,3,0,323.17500000000007
P070370,1.0552273182453362,*CC(O)COc1ccc(Cc2ccc(O*)cc2)cc1,0,2,1,4,1,256.301
P472030,1.0534442212011024,*CC/C=C/C[Si](*)(C)c1ccccc1,0,1,0,4,0,188.34600000000003
P332053,1.0510510063370415,*CC(*)(CC(=O)OC)C(=O)O,1,0,1,4,0,144.12599999999998
P332007,1.0495798084614263,*/C=C(/*)c1c(C)cc(C(C)(C)C)cc1C,0,1,0,6,0,186.29799999999997
P452068,1.04895349319255,*OC(COCCOC)COC(*)=O,0,0,3,6,0,176.16799999999998
P200016,1.0481189565638558,*CC(C)(C)CS(*)(=O)=O,0,0,0,5,0,134.2
P430125,1.0477021921058869,*CC(C)(C)C1C(=O)N(C)C(=O)C1*,0,0,0,7,0,167.20799999999997
P450083,1.0367074788365502,*Oc1ccc(C(C)(C)c2ccc(OC(*)=O)c(Cl)c2)cc1C,0,2,1,4,0,302.75700000000006
P070387,1.0364489262983687,*Oc1c(-c2ccccc2)cc(*)cc1-c1ccc(C(C)(C)C)cc1,0,3,0,4,0,300.401
P370304,1.0355812918144442,*Oc1c(Br)cc(*)cc1Br,0,1,0,0,0,249.889
P090182,1.034696412928935,*CC(CC)(CC)C(=O)O*,0,0,0,6,0,128.171
P090185,1.0323016371552676,*CC(C)(CC)C(=O)O*,0,0,0,5,0,114.14399999999998
P070486,1.0294394503690336,*c1ccc2oc3ccc(S(*)(=O)=O)cc3c2c1,0,2,0,0,0,230.24399999999997
P402009,1.0235418981979578,*Nc1cccc(NC(=O)Cc2cc(C)c(CC(*)=O)cc2C)c1,0,2,0,4,0,294.354
P402012,1.0235418596175203,*Nc1cccc(NC(=O)Cc2cc(CC(*)=O)c(C)cc2C)c1,0,2,0,4,0,294.354
P070382,1.020783943524627,*CCOCC(CCl)O*,0,0,1,5,0,136.578
P450082,1.020409109102403,*Oc1ccc(C(C)(C)c2cc(Cl)c(OC(*)=O)c(Cl)c2)cc1,0,2,1,3,0,323.175
P080011,1.0196437418127833,*CC(COCC=C)S*,0,0,1,4,0,130.212
P432246,1.0175047259841192,*C(=O)OCCOC(=O)c1cccc(N2C(=O)c3ccc(*)cc3C2=O)c1,1,2,2,2,0,337.2870000000001
P150022,1.0172832486883754,*Oc1ccc(C(C)(C)c2ccc(OC(*)=O)c(C)c2)cc1C,0,2,1,5,0,282.33900000000006
P070027,1.012179950184103,*CC(COCC=C)O*,0,0,1,4,0,114.14399999999999
P390038,1.010476753331483,*C/C=C/COC(=O)CCCCCCCCC(=O)O*,1,0,1,10,0,254.3259999999999
P390037,1.010476753331483,*C/C=C/COC(=O)CCCCCCCCC(=O)O*,1,0,1,10,0,254.3259999999999
P332130,1.0063896444311882,*CC(C)(/C=C(/*)C)C(=O)OC,1,0,1,5,0,140.182
P360028,1.0038924645069358,*/C=C/C1CC(*)C2CC=CC12,0,0,0,6,0,132.206
P362019,1.0038924645069358,*/C=C/C1CC(*)C2CC=CC12,0,0,0,6,0,132.206
P090188,1.0002622403344388,*CC(C)(CCC)C(=O)O*,0,0,0,6,0,128.171
P370038,1.0002036806649013,*CC(O)COc1ccc(C(=O)c2ccc(O*)cc2)cc1,0,2,1,3,1,270.284
P050013,0.9999999647599612,*CC/C=C(/*)Cl,0,0,0,2,0,88.537
P060015,0.9999999647599612,*CC/C=C(/*)Cl,0,0,0,2,0,88.537
P080014,0.9973482217945608,*CC(C)(C)CS*,0,0,0,5,0,102.202
P342350,0.9958733052534222,*CC(*)(C)C(=O)OCC1COC(=O)O1,1,0,3,6,0,186.16299999999995
P332292,0.994519578751872,*/C=C/CCCC(Cl)CCC*,0,0,0,7,0,158.67199999999997
P030143,0.9940399371569324,*CC(*)OC(=O)C(C)(C)CCC,1,0,1,8,0,156.22499999999997
P342496,0.993599332282197,*CC(*)(C)C(=O)OCc1cc(Cl)cc(Cl)c1,1,1,1,4,0,245.105
P342049,0.9927717244272192,*CC(*)(C)C(=O)Oc1ccc2c(c1)CCC2,1,1,1,6,0,202.25299999999993
P322005,0.9899532548284158,*CC(*)c1cc(OC)c(O)c(OC)c1,0,1,2,4,0,180.20299999999997
P372045,0.9896967295648676,*CCOCCOC(=O)CCSCCC(=O)O*,1,0,2,8,0,248.29999999999993
P460184,0.9869518100270332,*CC(O)CN(*)c1ccccc1,0,1,0,3,1,149.19299999999998
P110136,0.9859466525314212,*C(=O)OCCOC(=O)N1CCN(*)CC1,0,0,2,6,0,200.19399999999993
P070398,0.9841787347727028,*Oc1ccc(CC(Cc2ccc(*)cc2)(C(=O)OCC)C(=O)OCC)cc1,2,2,2,7,0,354.40200000000016
P070410,0.9836920343687252,*CC(COc1ccc(C(C)(C)c2ccc(O*)cc2)cc1)OC(=O)CCl,1,2,2,7,0,360.8370000000001
P342353,0.9822375088953208,*CC(*)(C)C(=O)OCC1CCC1,1,0,1,8,0,154.20899999999995
P452067,0.9811337660479416,*OC(COCCCC)COC(*)=O,0,0,2,7,0,174.19599999999997
P040081,0.9805174387459924,*CC(*)(C)C(=O)OCCF,1,0,1,5,0,132.134
P342228,0.9795292024498536,*CC(*)(C)C(=O)OCc1ccc(F)cc1F,1,1,1,4,0,212.19499999999996
P040047,0.9780317863096608,*CC(*)(C)C(=O)O,0,0,0,3,0,86.08999999999997
P070057,0.9757987792747574,*CC(C)(C)CO*,0,0,0,5,0,86.13399999999999
P342051,0.9747783257006412,*CC(*)C(=O)OCC1(CC)COCOC1,1,0,3,9,0,200.23399999999995
P312042,0.9745863126078206,*CCC1CC(*)C2C3CCC(C3)C12,0,0,0,12,0,162.27599999999998
P402297,0.9728761588475886,*NC(C)(CC)C(*)=O,0,0,0,4,0,99.133
P472266,0.9726461599916892,*[Si](*)(C)CCCOCC1COC(C)(C)O1,0,0,3,10,0,216.35299999999995
P450077,0.972594032196654,*CC(C)(C)COC(=O)O*,0,0,1,5,0,130.14299999999997
P342002,0.97159745531787,*CC(*)(C)C(=O)OCC=C,1,0,1,4,0,126.15499999999997
P040106,0.9695658018411162,*CC(*)(C)C(=O)OCC1CCCO1,1,0,2,8,0,170.20799999999994
P020158,0.9678791668303178,*CC(*)c1ccc(C(=O)CCN2CCOCC2)cc1,0,1,1,8,0,245.32199999999995
P060025,0.9638603625473608,*CC/C=C(/*)C,0,0,0,3,0,68.119
P060001,0.9638603625473608,*CC/C=C(/*)C,0,0,0,3,0,68.119
P060002,0.9638603625473608,*CC/C=C(/*)C,0,0,0,3,0,68.119
P372336,0.9635766786533584,*CC(COCCOCCOC)O*,0,0,3,8,0,176.212
P040083,0.9612399531551352,*CC(*)(C)C(=O)OCCBr,1,0,1,5,0,193.03999999999996
P340034,0.956236598233478,*CC(*)(C)C(=O)OCCn1c2ccccc2c2ccccc21,1,2,1,5,0,279.33900000000006
P372842,0.9559064419634228,*C1OCCCC1C1C(=O)OC(=O)C1*,2,0,2,7,0,182.17499999999998
P040292,0.9542173440201884,*CC(*)(C)C(=O)Oc1ccc(C(C)(C)C)cc1,1,1,1,7,0,218.29599999999996
P512034,0.9519480066011632,*Oc1cc(Br)cc(Br)c1*,0,1,0,0,0,249.889
P100627,0.951580146720455,*Nc1ccc(CC(C)(C)NC(=O)c2ccc(C(*)=O)cc2)cc1,0,2,0,4,0,294.354
P342467,0.9507258763106065,*CC(*)(C)C(=O)Oc1ccc([N+](=O)[O-])c(C)c1,1,1,1,4,0,221.21199999999996
P390225,0.9500560833785956,*OC(C)(CC(*)=O)C(F)(F)F,0,0,0,4,0,154.087
P010019,0.94846883298629,*CCCC(*)(C)CC,0,0,0,7,0,98.189
P402011,0.947299707165181,*Nc1ccc(NC(=O)Cc2cc(CC(*)=O)c(C)cc2C)cc1,0,2,0,4,0,294.354
P402008,0.9472997032068114,*Nc1ccc(NC(=O)Cc2cc(C)c(CC(*)=O)cc2C)cc1,0,2,0,4,0,294.354
P070025,0.94670093611537,*CC(O*)C(C)(C)C,0,0,0,6,0,100.16099999999999
P070330,0.9460139184248728,*CCOCCOC(=O)CCC(=O)O*,1,0,2,6,0,188.17899999999995
P040082,0.9427575140253048,*CC(*)(C)C(=O)OCCCl,1,0,1,5,0,148.589
P432245,0.9412626291090485,*C(=O)OCCOC(=O)c1ccc(N2C(=O)c3ccc(*)cc3C2=O)cc1,1,2,2,2,0,337.2870000000001
P020131,0.9412088197445544,*CC(*)c1cc(C(C)(C)C)ccc1C,0,1,0,7,0,174.287
P370303,0.9383452347187404,*Oc1c(Cl)cc(*)cc1Br,0,1,0,0,0,205.438
P342493,0.9381285508574156,*CC(*)(C)C(=O)OCc1ccc(Cl)cc1Cl,1,1,1,4,0,245.105
P342494,0.9381284622404082,*CC(*)(C)C(=O)OCc1cc(Cl)ccc1Cl,1,1,1,4,0,245.105
P402010,0.9368597541323388,*Nc1ccc(-c2ccc(NC(=O)Cc3cc(C)c(CC(*)=O)cc3C)cc2)cc1,0,3,0,4,0,370.45200000000006
P402013,0.9368596845324856,*Nc1ccc(-c2ccc(NC(=O)Cc3cc(CC(*)=O)c(C)cc3C)cc2)cc1,0,3,0,4,0,370.45200000000006
P342026,0.9339097177993824,*CC(*)(C)C(=O)OCCCn1c2ccccc2c2ccccc21,1,2,1,6,0,293.36600000000004
P390242,0.9327228967818968,*OC(COc1ccccc1)CC(*)=O,0,1,1,3,0,178.18699999999995
P040164,0.932690705817982,*CC(*)C(=O)OCC(C)(C)C,1,0,1,7,0,142.19799999999998
P342498,0.9325754724582488,*CC(*)(C)C(=O)OC1CCOCC1,1,0,2,8,0,170.20799999999994
P040064,0.931700106415312,*CC(*)(C)C(=O)OC1CCCCC1,1,0,1,9,0,168.23599999999993
P500038,0.929132820111708,*C/C=C/CS(*)(=O)=O,0,0,0,2,0,118.15699999999998
P090183,0.9290669256044192,*CC(C)(C)C(=O)O*,0,0,0,4,0,100.11699999999998
P340101,0.9280718569237192,*CC(*)C(=O)Nc1ccc2c(c1)C(=O)c1ccccc1C2=O,0,2,0,2,0,277.279
P340015,0.9279756291154608,*CC(*)C(=O)OCC(C)O,1,0,1,5,1,130.143
P452065,0.926261471408879,*OC(COC(*)=O)COc1ccccc1,0,1,2,3,0,194.186
P390071,0.925665781305244,*Oc1ccc(C(C)(C)c2ccc(OC(=O)CC(C)CCC(*)=O)cc2)cc1,1,2,1,8,0,352.4300000000001
P370614,0.9249261815111772,*CC(CS(=O)(=O)CC)O*,0,0,0,5,0,150.19899999999998
P070331,0.9236870425536235,*CCOCCOC(=O)CCCC(=O)O*,1,0,2,7,0,202.20599999999993
P342055,0.9229942315839,*CC(*)(C)C(=O)OCCOCCOC,1,0,3,8,0,188.22299999999996
P100083,0.92284246993083,*Cc1cc(CNC(=O)c2cccc(C(=O)N*)c2)cc(C(C)(C)C)c1,0,2,0,6,0,322.40800000000013
P100051,0.9228424179923022,*Cc1cccc(CNC(=O)c2cc(C(=O)N*)cc(C(C)(C)C)c2)c1,0,2,0,6,0,322.4080000000001
P010096,0.9224710621493366,*CC/C=C(/*)CCCCCCC,0,0,0,9,0,152.281
P040084,0.9215959354255004,*CC(*)(C)C(=O)OCC(F)(F)F,1,0,1,5,0,168.11399999999995
P340159,0.920430581951586,*CC(*)(C)C(=O)OCCCCl,1,0,1,6,0,162.61599999999999
P452046,0.9126165010102896,*CC(C)(COC(=O)O*)C(=O)OCc1ccccc1,1,1,2,5,0,250.24999999999997
P342230,0.9121374431266264,*CC(*)(C)C(=O)OCc1c(F)cccc1F,1,1,1,4,0,212.19499999999996
P044380,0.91158286075395,*CC(*)(C)C(=O)OCCCCn1c2ccccc2c2ccccc21,1,2,1,7,0,307.39300000000003
P472104,0.9114833205214842,*O[Si](*)(C)CCc1ccc(O)cc1,0,1,0,3,0,180.279
P362034,0.9094558371277311,*/C=C/C(*)(C)C,0,0,0,3,0,68.11899999999999
P322027,0.9084740878455256,*CC(*)c1ccc(O)c(OC)c1,0,1,1,3,0,150.177
P010016,0.90847087258337,*CCC(*)(C)C,0,0,0,5,0,70.13499999999999
P342495,0.9073036996666536,*CC(*)(C)C(=O)OCc1c(Cl)cccc1Cl,1,1,1,4,0,245.105
P472029,0.906878420182292,*O[Si](*)(C)CCCOCC1COC(=O)O1,0,0,3,7,0,218.28099999999998
P010072,0.9063683778439136,*/C=C/CC*,0,0,0,2,0,54.09199999999999
P010070,0.9063683778439136,*/C=C/CC*,0,0,0,2,0,54.09199999999999
P010071,0.9063683778439136,*/C=C/CC*,0,0,0,2,0,54.09199999999999
P340007,0.9052744581609772,*CC(*)(C)C(=O)Oc1ccc(C(=O)O)cc1,1,1,1,3,0,206.19699999999997
P310012,0.904504027009129,*CCC1CC(*)C2CCCC12,0,0,0,10,0,136.238
P040314,0.9022032327914824,*CC(*)(CC(=O)OCCC)C(=O)OCCC,2,0,2,9,0,214.26099999999994
P070332,0.9013601301362693,*CCOCCOC(=O)CCCCC(=O)O*,1,0,2,8,0,216.23299999999992
P342286,0.9010558750032428,*CC(*)(C)C(=O)OCc1ccc(Cl)c(Cl)c1,1,1,1,4,0,245.105
P450044,0.8974883289757143,*Oc1ccc(C(C)(C)c2ccc(OC(*)=O)c(CC)c2)cc1CC,0,2,1,7,0,310.3930000000001
P430159,0.8966088534584868,*C(=O)OCCCCOC(=O)c1ccc(N2C(=O)c3ccc(*)cc3C2=O)cc1,1,2,2,4,0,365.3410000000001
P342168,0.8945326347816032,*CC(*)(C)C(=O)OCc1ccc2c(c1)c1ccccc1n2CC,1,2,1,6,0,293.36600000000004
P030118,0.8936022811259468,*CC(*)OC(=O)CCCC1CCCCC1,1,0,1,11,0,196.28999999999994
P070411,0.8933236121170627,*CC(COc1ccc(C(C)(C)c2ccc(O*)cc2)cc1)OC(=O)CC,1,2,2,8,0,340.4190000000001
P462468,0.891858046010886,*CCN(*)C(=O)c1cc(F)c(F)cc1F,0,1,0,2,0,201.14699999999996
P040333,0.8909722097212512,*CC(*)(C)C(=O)Oc1cc(C)cc(C)c1,1,1,1,5,0,190.24199999999996
P342027,0.8892558929850098,*CC(*)(C)C(=O)OCCCCCn1c2ccccc2c2ccccc21,1,2,1,8,0,321.42
P392548,0.8868606162279082,*CCOC(=O)c1cc(C(=O)O*)cc(C(C)(C)C)c1,1,1,1,6,0,248.27799999999996
P010018,0.886143958611755,*CCCC(*)(C)C,0,0,0,6,0,84.16199999999999
P370615,0.8854396687645312,*CC(CS(=O)(=O)CCC)O*,0,0,0,6,0,164.22599999999997
P040275,0.8841830046726475,*CC(*)(CC(=O)OCCc1ccccc1)C(=O)OCCc1ccccc1,2,2,2,7,0,338.4030000000001
P010068,0.8840414678459279,*/C=C/CCC*,0,0,0,3,0,68.119
P010082,0.8840414678459279,*/C=C/CCC*,0,0,0,3,0,68.119
P010098,0.8840414678459279,*/C=C/CCC*,0,0,0,3,0,68.119
P040339,0.8838679333460261,*CC(*)(C)C(=O)OCC1CO1,1,0,2,6,0,142.15399999999997
P050023,0.8827748959456049,*CCC(F)(F)C(*)(F)F,0,0,0,4,0,128.068
P342169,0.8801839325379265,*CC(*)(C)C(=O)OCc1ccc2c(c1)c1ccccc1n2CCCC,1,2,1,8,0,321.42000000000013
P372555,0.8801683760460097,*CCOCCOC(=O)/C=C/C(=O)O*,1,0,2,4,0,186.16299999999998
P472007,0.8801466437292794,*[Si](*)(C)CCC(F)(F)F,0,0,0,4,0,140.18
P030197,0.8799169423782962,*CCC/C=C(/*)c1ccc(Cl)cc1,0,1,0,3,0,178.66199999999998
P040220,0.8798088122232107,*CC(*)C(=O)NC(C)(C)C,0,0,0,6,0,127.18699999999998
P070333,0.8790331248044122,*CCOCCOC(=O)CCCCCC(=O)O*,1,0,2,9,0,230.2599999999999
P392748,0.8766781042518529,*O/C(=C/CC)C(CC)C(*)=O,0,0,0,5,0,140.182
P342268,0.8761771827183824,*CC(C)CC(*)(C)C(=O)OC,1,0,1,7,0,142.19799999999998
P340078,0.8747517859670191,*CC(*)(C)C(=O)OCc1ccc[se]1,1,0,1,4,0,229.137
P020070,0.8743428931647333,*CC(*)c1ccc(C(O)CCN(C)C)cc1,0,1,0,7,1,205.301
P070022,0.8743232919178324,*CC(C)(C)O*,0,0,0,4,0,72.10699999999999
P392285,0.8741123739957091,*OC(C)COC(=O)/C=C/C(*)=O,1,0,1,3,0,156.13699999999997
P340014,0.874106261470929,*CC(*)(C)C(=O)OC1CCCC1,1,0,1,8,0,154.20899999999995
P462470,0.8731012805867135,*CCN(*)C(=O)c1cc(F)cc(F)c1F,0,1,0,2,0,201.14699999999996
P390061,0.8722009583498727,*CC(C)(C)COC(=O)Cc1ccc(C(=O)O*)cc1,1,1,1,6,0,248.27799999999996
P044346,0.8699808947655692,*CC(*)(C)C(=O)NC(=O)Oc1ccc(S(=O)(=O)c2ccc(O)cc2)cc1,0,2,1,3,0,361.375
P342028,0.8669289886418368,*CC(*)(C)C(=O)OCCCCCCn1c2ccccc2c2ccccc21,1,2,1,9,0,335.44700000000006
P030001,0.8652237433043307,*CC(*)O,0,0,0,2,1,44.053
P320020,0.8647888360290085,*CC(*)(C)c1ccc2ccccc2c1,0,2,0,3,0,168.23899999999998
P342352,0.864508206921849,*CC(*)(C)C(=O)OCc1ccsc1,1,0,1,4,0,182.244
P390243,0.8644705830265196,*OC(CCOc1ccccc1)CC(*)=O,0,1,1,4,0,192.21399999999997
P472125,0.8644107066747307,*CC(C[Si](*)(C)C)c1cccc2ccccc12,0,2,0,5,0,226.395
P070549,0.8634901000853346,*OC(CCl)C(*)CCl,0,0,0,4,0,140.99699999999999
P370617,0.8631127324667842,*CC(CS(=O)(=O)CCCC)O*,0,0,0,7,0,178.25299999999996
P040066,0.8623650431384415,*CC(*)(C)C(=O)OC1CCCCC1C,1,0,1,10,0,182.26299999999995
P462361,0.8619847342965475,*c1cc(CCOCCOC)c(*)[nH]1,0,0,2,5,0,167.208
P030140,0.8616276559136312,*CC(*)OC(=O)CC(C)(C)c1ccccc1,1,1,1,6,0,204.269
P100079,0.8610801141821078,*Cc1cccc(CNC(=O)/C=C(\C)C(=O)N*)c1,0,1,0,3,0,230.267
P382033,0.860783525577425,*CCOC(=O)CCSCCC(=O)O*,1,0,1,6,0,204.24699999999996
P390245,0.8606772475311938,*CC(C)(CC)COC(=O)c1ccc(C(=O)O*)cc1,1,1,1,6,0,248.278
P040229,0.8604041554501213,*CC(*)(C)C(=O)OCC(CC)CCCC,1,0,1,11,0,198.30599999999993
P070334,0.8567062869115605,*CCOCCOC(=O)CCCCCCC(=O)O*,1,0,2,10,0,244.2869999999999
P372810,0.8562675544465768,*CC(OO*)c1ccc(C(C)(C)C)cc1,0,1,0,6,0,192.25799999999998
P170033,0.8549776798395274,*O[Si](*)(C)CCC(F)(F)F,0,0,0,4,0,156.179
P322002,0.8538909083259865,*CC(*)c1ccccc1O,0,1,0,2,0,120.15099999999997
P370652,0.8524093711136798,*COC(=O)OCC1OC(C)(C)OC1*,0,0,4,7,0,188.17899999999997
P392643,0.8502372178183819,*CC(C)(CC)COC(=O)c1ccc(-c2ccc(C(=O)O*)cc2)cc1,1,2,1,6,0,324.37600000000003
P342492,0.848606438485815,*CC(*)(C)C(=O)OCc1cccc(Cl)c1Cl,1,1,1,4,0,245.105
P472028,0.848526064573156,*O[Si](*)(C)CCCCC1COC(=O)O1,0,0,2,7,0,202.28199999999998
P342394,0.8485040979101923,*CC(*)(C)C(=O)Nc1cccc(-c2nnc(-c3ccccc3)o2)c1,0,2,0,3,0,305.337
P342242,0.8470720582577166,*CC(*)(C)C(=O)OCC(=O)c1ccccc1,1,1,1,4,0,204.225
P100052,0.8466002725446065,*Cc1ccc(CNC(=O)c2cc(C(=O)N*)cc(C(C)(C)C)c2)cc1,0,2,0,6,0,322.4080000000001
P342007,0.8458712505729404,*CC(*)(C)C(=O)Oc1cc(C)ccc1C,1,1,1,5,0,190.24199999999996
P040332,0.8458712148349166,*CC(*)(C)C(=O)Oc1ccc(C)cc1C,1,1,1,5,0,190.24199999999996
P360038,0.8456826824153576,*C1C2C/C(=C\C)C(C2)C1*,0,0,0,7,0,120.19499999999996
P080015,0.8447146323012377,*CC(C)(C)S*,0,0,0,4,0,88.17499999999998
P390283,0.8446089740914566,*Oc1ccc2cc(C(*)=O)ccc2c1,0,2,0,0,0,170.167
P070407,0.8442580711698771,*CC(COc1ccc(C(C)(C)c2ccc(O*)cc2)cc1)OC(C)=O,1,2,2,7,0,326.39200000000005
P090354,0.8427071534673967,*CCC(C)CCC(=O)S*,0,0,0,6,0,144.239
P330077,0.8424840011372653,*/C=C/CC(C*)c1ccccc1,0,1,0,3,0,144.21699999999998
P040103,0.8423149356180322,*CC(*)(C)C(=O)OCCOCC,1,0,2,7,0,158.19699999999997
P014500,0.8416184510593502,*CC1(*)CCCCC1,0,0,0,7,0,96.173
P340102,0.841290047210656,*CC(*)(C)C(=O)Oc1c(C)cccc1C,1,1,1,5,0,190.242
P030078,0.841147391751895,*CC/C=C(/*)c1ccccc1,0,1,0,2,0,130.18999999999997
P370146,0.8411092577342175,*Oc1c(Cl)cc(*)cc1Cl,0,1,0,0,0,160.98699999999997
P430204,0.8409189469494691,*CC(c1ccccc1)C1C(=O)NC(=O)C1*,0,1,0,4,0,201.22499999999997
P144509,0.8407470062911806,*CC1CC(*)C(=O)OC1=O,2,0,1,4,0,126.11099999999998
P030079,0.8405565137494924,*C(*)O,0,0,0,1,1,30.026
P070324,0.8354392529725108,*CCOCCOC(=O)CC(=O)O*,1,0,2,5,0,174.15199999999996
P070136,0.8343793488668254,*CCOCCOC(=O)CCCCCCCC(=O)O*,1,0,2,11,0,258.3139999999999
P010017,0.834319619493346,*CC(C)C(*)(C)C,0,0,0,6,0,84.16199999999999
P500036,0.8342684926939942,*C/C(C)=C/C(C)S(*)(=O)=O,0,0,0,4,0,146.21099999999998
P370090,0.8337095702763566,*Oc1ccc(C(=O)OCC(C)(C)COC(=O)c2ccc(*)cc2)cc1,2,2,2,5,0,326.348
P342642,0.8334125647532592,*CC(*)C(=O)N1CC[NH+](CC)CC1,0,0,0,8,0,169.248
P070229,0.8330382790074664,*Oc1ccc(C(=O)NCC(C)(C)CCCNC(=O)c2ccc(*)cc2)cc1,0,2,0,7,0,352.434
P040262,0.8318301206992226,*CC(*)(CC(=O)OCC)C(=O)OCC,2,0,2,7,0,186.20699999999997
P010060,0.8317708989410455,*CC(*)CCC1CCCCC1,0,0,0,10,0,138.254
P332048,0.8310760494960725,*CC(*)CO,0,0,0,3,1,58.08
P432945,0.8287117314256209,*CCC1C(=O)N(CCC)C(=O)C1*,0,0,0,7,0,167.208
P322003,0.8286894284576928,*CC(*)c1cccc(O)c1,0,1,0,2,0,120.15099999999997
P210010,0.8283304496436783,*CCc1cc(C)c(*)cc1C,0,1,0,4,0,132.206
P070015,0.8274587975793013,*CC(CCl)O*,0,0,0,3,0,92.52499999999999
P044463,0.8272839065144575,*CC(*)C(=O)NCCCCCC(=O)O,0,0,0,7,0,185.22299999999998
P520022,0.8263475084456942,*CC(*)(F)C(=O)OCC(F)(F)F,1,0,1,4,0,172.07699999999997
P030179,0.8262732728897173,*CC(*)OC(=O)C1(C)CCCCC1,1,0,1,9,0,168.23599999999996
P079027,0.8247330321461482,*CC(C[N-][N+]#N)O*,0,0,0,3,0,99.09299999999999
P392699,0.824170666748539,*CC#CCOC(=O)CCCCCCCCCCC(=O)O*,1,0,1,12,0,280.3639999999999
P040267,0.8240298488685796,*CC(*)(CF)C(=O)OCC,1,0,1,5,0,132.134
P030077,0.8238204857701414,*/C=C/C(C*)OC,0,0,1,3,0,84.118
P340043,0.8224930400015081,*CC(*)(C)C(=O)OCC#N,1,0,1,4,0,125.12699999999998
P450081,0.821598898667341,*Oc1ccc(C(C)(C)c2ccc(OC(*)=O)c(Cl)c2)cc1,0,2,1,3,0,288.73
P070017,0.8211658564040647,*CC(CBr)O*,0,0,0,3,0,136.976
P020017,0.820879067089947,*CC(*)c1ccccc1C(=O)O,0,1,0,2,0,148.16099999999997
P432944,0.8207332462153633,*CCC1C(=O)N(CC)C(=O)C1*,0,0,0,6,0,153.181
P332309,0.8202728076467711,*C1C2CC(C1*)C([Si](C)(C)C)C2,0,0,0,10,0,166.33999999999997
P512194,0.8202678165517552,*/C=C/c1cc(OCCc2ccccc2)c(*)cc1OC,0,2,2,3,0,252.31300000000002
P170078,0.818849401356726,*C/C=C/C[Si](*)(C)c1ccccc1,0,1,0,3,0,174.31900000000002
P030196,0.8188204782479962,*CCC/C=C(/*)c1ccccc1,0,1,0,3,0,144.21699999999998
P392355,0.8187750199573538,*CCC(C)CCOC(=O)CCCCC(=O)O*,1,0,1,10,0,228.28799999999993
P392644,0.8181976613522126,*CC(C)(CCC)COC(=O)c1ccc(-c2ccc(C(=O)O*)cc2)cc1,1,2,1,7,0,338.403
P462467,0.8171168820981485,*CCN(*)C(=O)c1c(F)cc(F)cc1F,0,1,0,2,0,201.14699999999996
P090003,0.8171006606806004,*CCOC(=O)CCC(=O)O*,1,0,1,4,0,144.12599999999998
P010081,0.8170606355600278,*/C=C/CCCCCC*,0,0,0,6,0,110.2
P040239,0.816837586834438,*CC(*)(C)C(=O)OCCC#N,1,0,1,5,0,139.15399999999997
P030191,0.816793079692149,*CC(OC)C1C(=O)OC(=O)C1*,2,0,2,5,0,156.13699999999997
P340125,0.8165123758786816,*CC(*)(C)C(=O)OC1CCC1,1,0,1,7,0,140.18199999999996
P010025,0.8161690528887617,*CC(*)C1CCCCC1,0,0,0,8,0,110.2
P330139,0.8158103514963198,*CC(*)c1ccc2c(c1)OCO2,0,1,2,3,0,148.16099999999997
P382101,0.8158059071142338,*c1cc(CCCCBr)c(*)s1,0,0,0,4,0,217.131
P430245,0.8134293479426311,*CC(=O)Nc1ccc(NC(=O)c2ccc3c(c2)C(=O)N(*)C3=O)cc1,0,2,0,1,0,321.29200000000003
P090184,0.8127774348560074,*OC(CC)CC(*)=O,0,0,0,4,0,100.11699999999999
P360014,0.812705931135731,*/C=C(/*)C(C)(C)C,0,0,0,4,0,82.14599999999999
P100556,0.8124802818613475,*C(=O)c1cccc(C(=O)N2CCN(*)CC2)c1,0,1,0,4,0,216.23999999999992
P110236,0.8121470575436024,*OC(COC(=O)Nc1ccc(Cc2ccc(NC(*)=O)cc2)cc1)c1ccco1,0,2,1,3,0,378.38400000000007
P070137,0.8120525044581663,*CCOCCOC(=O)CCCCCCCCC(=O)O*,1,0,2,12,0,272.3409999999999
P100348,0.8116937318899586,*Nc1cccc(NC(=O)CCCCC(*)=O)c1,0,1,0,4,0,218.25599999999994
P462461,0.8113116203451387,*CCN(*)C(=O)c1cc(F)cc(F)c1,0,1,0,2,0,183.15699999999998
P040068,0.8098493803933595,*CC(*)(C)C(=O)OC1CCCC(C)C1,1,0,1,10,0,182.26299999999995
P370613,0.8086781415220863,*CC(CS(C)(=O)=O)O*,0,0,0,4,0,136.17199999999997
P330140,0.8081149757649686,*CC(*)c1cccc2c1OCO2,0,1,2,3,0,148.16099999999997
P070323,0.8076123935287807,*CCOCCOC(=O)C(=O)O*,1,0,2,4,0,160.12499999999997
P340077,0.8076101551483099,*CC(*)(C)C(=O)OCc1cccs1,1,0,1,4,0,182.244
P100150,0.807540492359843,*c1cccc(NC(=O)CCCCC(=O)Nc2cccc(S(*)(=O)=O)c2)c1,0,2,0,4,0,358.41900000000004
P512028,0.8069510812819543,*/C=C/c1cc(OCCCC)c(*)cc1OC,0,1,2,5,0,204.26899999999998
P040189,0.8066060964873574,*CC(*)C(=O)N1CCOCC1,0,0,1,6,0,141.17
P432946,0.8063847841739679,*CCC1C(=O)N(CCCC)C(=O)C1*,0,0,0,8,0,181.235
P332317,0.8063343355265392,*CC(*)N1CCCCCC1=O,0,0,0,7,0,139.198
P084367,0.8058871182349859,*Sc1cc(C)c(*)cc1C,0,1,0,2,0,136.219
P020149,0.8057989486725077,*CC(*)c1cc(C)c(C)cc1C,0,1,0,5,0,146.23299999999998
P312034,0.8057596686762449,*C1CC2CC1C(*)C2CCCC,0,0,0,11,0,150.265
P040188,0.8057308261648357,*CC(*)C(=O)N1CCCCC1,0,0,0,7,0,139.198
P390258,0.8037462841094004,*OC(CCc1ccccc1)CC(*)=O,0,1,0,4,0,176.21499999999995
P090508,0.8027242694686902,*Oc1ccc(C(C)(C)c2ccc(OC(=O)CCCCC(*)=O)cc2)cc1,1,2,1,7,0,338.4030000000001
P150006,0.8025658718253635,*Oc1ccc(Cc2ccc(OC(*)=O)c(C)c2)cc1C,0,2,1,3,0,254.28499999999997
P070076,0.8022608479206326,*Oc1c(C)cc(*)cc1C,0,1,0,2,0,120.15099999999997
P332168,0.8022345977289697,*/C=C/C1CC(*)C(C#N)C1,0,0,0,5,0,119.16699999999999
P040099,0.8007898712073529,*CC(*)(C)C(=O)OCc1ccccc1Cl,1,1,1,4,0,210.66
P020075,0.8002883899247559,*CC(*)c1ccc(COCCO)cc1,0,1,1,5,1,178.231
P440007,0.7989078460100378,*CC(OCCCC)C1C(=O)OC(=O)C1*,2,0,2,8,0,198.218
P070140,0.7966528913009612,*C(=O)OCCOC(=O)c1ccc(*)o1,1,0,2,2,0,182.131
P034239,0.7963633178838014,*CC(*)CNc1ccc([N+](=O)[O-])cc1C,0,1,0,4,0,192.21799999999996
P070126,0.7961721444990298,*CCSSCCO*,0,0,0,4,0,136.24099999999999
P090004,0.794773762493731,*CCCOC(=O)CCC(=O)O*,1,0,1,5,0,158.153
P372802,0.7941740458798726,*c1ccc(-c2nnc(*)o2)c(OCC)c1,0,1,1,2,0,188.18599999999998
P040233,0.7940811415655267,*CC(*)(C)C(=O)OCCOC,1,0,2,6,0,144.17
P040067,0.79157596898174,*CC(*)(C)C(=O)OC1CCC(C)CC1,1,0,1,10,0,182.26299999999995
P060006,0.7915070922653116,*CC/C(C)=C(/*)C,0,0,0,4,0,82.14599999999999
P060007,0.7915070922653116,*CC/C(C)=C(/*)C,0,0,0,4,0,82.14599999999999
P210060,0.7904904061404592,*CCc1cc(Cl)c(*)c(Cl)c1,0,1,0,2,0,173.042
P462472,0.790006735519462,*CCN(*)C(=O)c1cc(F)c(F)c(F)c1,0,1,0,2,0,201.14699999999996
P030117,0.7898421724482964,*CC(*)OC(=O)CC1CCCCC1,1,0,1,9,0,168.23599999999996
P070141,0.7893307450326941,*OC(C)COCC(C)OC(=O)c1ccccc1C(*)=O,1,1,2,6,0,264.277
P160096,0.7886254386434791,*CCC1CC(=O)N(*)C1=O,0,0,0,4,0,125.127
P400117,0.7878876402204769,*NC(CCC(=O)OCc1ccc([N+](=O)[O-])cc1)C(*)=O,1,1,1,4,0,264.237
P010103,0.7878234443920227,*/C=C/C1CCC(*)C1,0,0,0,5,0,94.157
P440005,0.7860482160930102,*CC(OCC)C1C(=O)OC(=O)C1*,2,0,2,6,0,170.164
P372803,0.7847067258764935,*c1ccc(-c2nnc(*)o2)c(OCCCCC)c1,0,1,1,5,0,230.26699999999994
P432943,0.7841411307517512,*CCC1C(=O)N(C)C(=O)C1*,0,0,0,5,0,139.154
P382432,0.7838875457419758,*c1cc(C(=O)Oc2cccc3cccnc23)c(*)s1,1,1,1,0,0,253.28199999999998
P030195,0.7833638501356963,*CCC/C=C(/*)c1ccc(OC)cc1,0,1,1,4,0,174.243
P342237,0.7831703648651966,*CC(*)(C)C(=O)Oc1ccc(C(=O)/C=C/c2ccc(Cl)cc2)cc1,1,2,1,3,0,326.779
P460120,0.7805173447946281,*c1ccc2[nH]c(*)nc2c1,0,1,0,0,0,116.12299999999999
P010015,0.7804841588355861,*CC(*)(C)CC,0,0,0,5,0,70.13499999999999
P342262,0.7803124803243842,*CCC(C)C(*)(C)C(=O)OC,1,0,1,7,0,142.19799999999998
P342490,0.7800185520814975,*CC(*)(C)C(=O)OCc1cccc(Cl)c1,1,1,1,4,0,210.66
P370139,0.7799426172994655,*Oc1cc(C)c(*)c(C)c1Br,0,1,0,2,0,199.04699999999997
P040261,0.7757266570679324,*CC(*)(CC)C(=O)OCC,1,0,1,6,0,128.17099999999996
P320016,0.7757122429488623,*CC(*)(C)c1ccc2ccccc2n1,0,1,0,3,0,169.22699999999998
P332131,0.7753492339988632,*/C=C/C(C)(C(=O)OC)C(*)C,1,0,1,5,0,140.18199999999996
P340103,0.7744414917033627,*CC(*)(C)C(=O)Oc1cccc(C)c1C,1,1,1,5,0,190.24199999999996
P400116,0.7743313357871793,*Nc1cc(NC(=O)C(*)=O)ccc1C,0,1,0,1,0,176.17499999999998
P020148,0.7740405196702725,*CC(*)c1c(C)cc(C)cc1C,0,1,0,5,0,146.23299999999998
P110089,0.7735111672078357,*CC(C)(C)COC(=O)Nc1ccc(Cc2ccc(NC(=O)O*)cc2)cc1,0,2,1,6,0,354.40600000000006
P390329,0.7732012044645222,*CC(C)(C)COC(=O)c1ccc(/C=C/c2ccc(C(=O)O*)cc2)cc1,1,2,1,5,0,336.38700000000006
P090005,0.7724468689579816,*CCCCOC(=O)CCC(=O)O*,1,0,1,6,0,172.17999999999998
P090007,0.7724468436566653,*CCCOC(=O)CCCC(=O)O*,1,0,1,6,0,172.17999999999998
P090009,0.7724468434881,*CCOC(=O)CCCCC(=O)O*,1,0,1,6,0,172.17999999999998
P370379,0.7722576706243613,*CC(O*)c1ccco1,0,0,0,2,0,110.11199999999997
P382395,0.7705048183208147,*CCCCOC(=O)CCSCCCCCCSCCC(=O)O*,1,0,1,14,0,348.5300000000001
P040325,0.7703885251424146,*CC(*)C(=O)OCCO,1,0,1,4,1,116.11599999999999
P040107,0.7692031201692712,*CC(*)(C)C(=O)OCc1ccco1,1,0,1,4,0,166.176
P342154,0.769005171884263,*CC(*)(C)C(=O)OCC1COC(c2ccccc2)O1,1,1,3,7,0,248.278
P040310,0.768242128723012,*CC(*)(CC(=O)OCCCCCC)C(=O)OCCCCCC,2,0,2,15,0,298.423
P390259,0.7681027263401501,*OC(CCCCC)CC(*)=O,0,0,0,7,0,142.198
P370001,0.7673986719731001,*CCOCCOC(=O)CCCCCCCCCCC(=O)O*,1,0,2,14,0,300.3949999999999
P070029,0.7668439032458811,*CC(COCCCC)O*,0,0,1,7,0,130.187
P342289,0.766332261874604,*CC(*)(C)C(=O)OCSC,1,0,1,5,0,146.21099999999998
P020139,0.7649689228311685,*CC(*)c1cc(Br)ccc1OCCC,0,1,1,5,0,241.12799999999996
P084366,0.7637110493061436,*Sc1c(C)cc(*)cc1C,0,1,0,2,0,136.21899999999997
P500035,0.7634889301065666,*C/C=C/C(C)S(*)(=O)=O,0,0,0,3,0,132.184
P330100,0.7628507613127884,*CC(*)OCCOCCOCCOC,0,0,4,9,0,190.23899999999998
P312035,0.7611057537574845,*C1CC2CC1C(*)C2CCCCCC,0,0,0,13,0,178.31899999999996
P372432,0.7603467071984638,*Oc1cc(Cl)cc(Cl)c1*,0,1,0,0,0,160.987
P140033,0.7596775474624227,*CC1(C)CC(*)(C)C(=O)OC1=O,2,0,1,6,0,154.16499999999996
P020088,0.7588151181785687,*CC(*)c1ccc(C(=O)N2CCOCC2)cc1,0,1,1,6,0,217.26799999999994
P010023,0.7585751445797173,*CC(*)C1CCCC1,0,0,0,7,0,96.173
P090441,0.7584851150795775,*CCCCOC(=O)COCC(=O)O*,1,0,2,6,0,188.17899999999997
P400268,0.7584691909915345,*Nc1ccc(Br)cc1-c1ccc(NC(=O)c2cccc(C(*)=O)c2)cc1,0,3,0,0,0,393.2400000000001
P020086,0.7579398074290429,*CC(*)c1ccc(C(=O)N2CCCCC2)cc1,0,1,0,7,0,215.29599999999994
P100766,0.7577783517924527,*Nc1ccc(NC(=O)CCCC(*)=O)cc1,0,1,0,3,0,204.22899999999998
P010026,0.7576769433802177,*CC(*)CC1CCCCC1,0,0,0,9,0,124.227
P040001,0.757472688344093,*CC(*)C(=O)O,0,0,0,2,0,72.06299999999999
P370824,0.7574018435617311,*C[Ge](C)(C)Cc1cocc1*,0,0,0,4,0,196.79299999999998
P382348,0.7563348123548704,*c1cc(CCCCCCOC(=O)COc2ccccc2)c(*)s1,1,1,2,7,0,316.422
P070715,0.7562889993107635,*CNC(=O)OCC(OC(=O)NCc1ccc(*)o1)c1ccco1,0,0,2,4,0,306.274
P030125,0.7562731044136646,*CC(*)NC(=O)OC(C)(C)C,0,0,1,6,0,143.18599999999998
P450045,0.7562284975833868,*Oc1ccc(C(C)(CCC#N)c2ccc(OC(*)=O)cc2)cc1,0,2,1,4,0,293.322
P100665,0.7561545958619114,*C(=O)NC1CCCC(*)O1,0,0,1,5,0,127.143
P322010,0.7558309835891212,*CC(*)c1ccc(Cl)c([N+](=O)[O-])c1,0,1,0,2,0,183.594
P020078,0.755634555216111,*CC(*)c1ccc(COCCCCO)cc1,0,1,1,7,1,206.28499999999997
P040300,0.7552653949569137,*CC(*)(C)C(N)=O,0,0,0,3,0,85.106
P150087,0.7542389450795941,*Oc1ccc(C(CC)(CC)c2ccc(OC(*)=S)cc2)cc1,0,2,1,5,0,298.40700000000004
P472188,0.7540789325455208,*CCC[Si](*)(C)c1cccc(C)c1,0,1,0,5,0,176.33499999999998
P070026,0.7539843372968424,*CC(COCC)O*,0,0,1,5,0,102.133
P342424,0.7535292932945459,*CC(*)C(=O)Nc1ccc(C(=O)/C=C/c2cccc(Br)c2)cc1,0,2,0,2,0,356.219
P020195,0.7524472671901186,*CC(*)c1ccc(O)cc1,0,1,0,2,0,120.15099999999997
P090113,0.7512551513659365,*CCOC(=O)/C=C/C(=O)O*,1,0,1,2,0,142.10999999999996
P040112,0.7511885242744869,*CC(*)(C)C(=O)OCCN(C)C,1,0,1,7,0,157.213
P130001,0.7506867932300643,*CCCC1CC(=O)N(*)C(=O)C1,0,0,0,6,0,153.18099999999998
P440015,0.7504193442254328,*CC(c1ccccc1)C1C(=O)OC(=O)C1*,2,1,1,4,0,202.20899999999995
P090171,0.7501199564096055,*CCOC(=O)CCCCCC(=O)O*,1,0,1,7,0,186.20699999999997
P090437,0.7501199502561637,*CCCCOC(=O)CCCC(=O)O*,1,0,1,7,0,186.20699999999997
P090010,0.7501199115787722,*CCCOC(=O)CCCCC(=O)O*,1,0,1,7,0,186.20699999999997
P382346,0.7501133992156479,*c1cc(CCCCCCOC(=O)COC)c(*)s1,1,0,2,8,0,254.35099999999997
P370657,0.7486135218898478,*CCOC(=O)CC(C)O*,1,0,1,5,0,130.14299999999997
P040050,0.7485883309905249,*CC(*)(C)C(=O)OCCC,1,0,1,6,0,128.17099999999996
P080085,0.748540543002929,*SC1CCCCC1*,0,0,0,6,0,114.21300000000001
P010065,0.7484447970812584,*CC(*)(C)CCC,0,0,0,6,0,84.16199999999999
P030095,0.7479441510092422,*CC(*)(F)C(C)=O,0,0,0,3,0,88.08099999999999
P090411,0.7471055154529839,*Oc1cccc(OC(=O)CCC(*)=O)c1,1,1,1,2,0,192.16999999999996
P090479,0.7465796632081236,*CC(C)(C)COC(=O)c1ccc(C(=O)O*)cc1,1,1,1,5,0,234.25099999999998
P070285,0.7464747088491098,*CC(=O)OC(=O)COc1ccc(C(C)(C)c2ccc(O*)cc2)cc1,2,2,2,5,0,326.34800000000007
P392399,0.7457757974737556,*OC(CCCCCC)CC(*)=O,0,0,0,8,0,156.225
P430073,0.7431484205032486,*CCCC(=O)Oc1ccc(OC(=O)c2ccc3c(c2)C(=O)N(*)C3=O)cc1,2,2,2,3,0,351.3140000000001
P452038,0.7430919439238657,*CC1CCC(COC(=O)O*)CC1,0,0,1,8,0,170.20799999999994
P500033,0.7430719803596254,*C/C=C/C(CC)S(*)(=O)=O,0,0,0,4,0,146.21099999999998
P020136,0.7426418931455361,*CC(*)c1cc(Br)ccc1OCCCC,0,1,1,6,0,255.15499999999994
P370656,0.7421083155146424,*CC1(*)OCC(c2ccccc2)O1,0,1,2,4,0,162.188
P070385,0.7418861041609079,*Oc1c(C)cc(*)cc1-c1ccccc1,0,2,0,1,0,182.222
P040294,0.7410116653279262,*CC(*)(CC(=O)OC)C(=O)OC,2,0,2,5,0,158.15299999999996
P432661,0.7403250773069698,*c1ccc(Oc2ccc3c(c2)C(=O)N(*)C3=O)cc1,0,2,1,0,0,237.21399999999997
P020046,0.7398980628976682,*CC(*)c1ccc(C(C)(C)C)cc1,0,1,0,6,0,160.26
P040074,0.7395779711166433,*CC(*)(C)C(=O)OCCc1ccccc1,1,1,1,5,0,190.24200000000002
P200010,0.7384958356869593,*C1CCCC(S(*)(=O)=O)C1,0,0,0,6,0,146.21099999999998
P060017,0.7382379294202783,*CC(*)C=C,0,0,0,2,0,54.09199999999999
P490010,0.736834056697877,*CC(=O)C(*)c1ccc(C(C)(C)C)cc1,0,1,0,6,0,188.26999999999998
P392642,0.736139665842662,*CC(C)(C)COC(=O)c1ccc(-c2ccc(C(=O)O*)cc2)cc1,1,2,1,5,0,310.349
P100349,0.7354514671403727,*Nc1ccc(NC(=O)CCCCC(*)=O)cc1,0,1,0,4,0,218.25599999999997
P330138,0.733345986824582,*CC(*)NC=O,0,0,0,2,0,71.07900000000001
P034603,0.7322482966191254,*CC(*)OC(=O)CC1CCCC1,1,0,1,8,0,154.20899999999997
P342451,0.7321637000831764,*CC(*)(C)C(=O)Nc1ccc(C(=O)/C=C/c2ccc(OC)cc2)cc1,0,2,1,4,0,321.376
P050018,0.730123595220215,*CC(*)C(F)(F)C(F)(F)F,0,0,0,4,0,146.058
P210022,0.7300627815666204,*CCc1ccc(*)c(Br)c1,0,1,0,2,0,183.048
P020137,0.7297823880031313,*CC(*)c1cc(Br)ccc1OCC,0,1,1,4,0,227.10099999999997
P090046,0.7293982777333223,*CCCCCC(=O)S*,0,0,0,5,0,130.212
P050034,0.728971790616342,*CC(F)(F)/C(F)=C(/*)Cl,0,0,0,2,0,142.507
P462465,0.7287286720678344,*CCN(*)C(=O)c1cc(F)ccc1F,0,1,0,2,0,183.15699999999998
P462466,0.7287286326957255,*CCN(*)C(=O)c1ccc(F)cc1F,0,1,0,2,0,183.15699999999995
P370619,0.7284562260422766,*CCOCCC(=O)O*,0,0,1,4,0,116.11599999999999
P090049,0.7277930821129276,*CCCCCCOC(=O)CCC(=O)O*,1,0,1,8,0,200.23399999999995
P090051,0.7277930642441974,*CCCCOC(=O)CCCCC(=O)O*,1,0,1,8,0,200.23399999999995
P100080,0.7269253437057386,*CCCCCCNC(=O)CCC(C)CC(=O)N*,0,0,0,11,0,240.34699999999998
P100691,0.726433439082192,*NC(CCC(=O)OCCC)C(*)=O,1,0,1,6,0,171.19599999999997
P040052,0.7262613972778469,*CC(*)(C)C(=O)OCCCC,1,0,1,7,0,142.19799999999998
P470026,0.7259109381283888,*O[Si](*)(C)CCCC(=O)OCCCC,1,0,1,8,0,202.32599999999996
P080086,0.7245668755365406,*SC1CCCC(*)C1,0,0,0,6,0,114.21300000000001
P090175,0.7236878934247855,*OC(C)CC(*)=O,0,0,0,3,0,86.08999999999999
P030177,0.7235882750249296,*CC(*)(CC(=O)OCCCCCCC)C(=O)OCCCCCCC,2,0,2,17,0,326.4770000000001
P392645,0.7231582433913026,*Oc1ccccc1C(=O)OC(=O)c1ccccc1OC(=O)CCCC(*)=O,3,2,2,3,0,354.31400000000025
P070079,0.7225095538976525,*Oc1c(OC)cc(*)cc1OC,0,1,2,2,0,152.14899999999997
P070031,0.7221899721336158,*CC(COCCCCCC)O*,0,0,1,9,0,158.241
P020189,0.7213447158961456,*CC(*)c1ccc2ccccc2c1,0,2,0,2,0,154.212
P430074,0.7208214926467724,*CCCCC(=O)Oc1ccc(OC(=O)c2ccc3c(c2)C(=O)N(*)C3=O)cc1,2,2,2,4,0,365.3410000000001
P402034,0.7206054395478381,*NC(CCC(=O)OCc1ccc(F)cc1)C(*)=O,1,1,1,4,0,237.23
P020141,0.7203149538868303,*CC(*)c1cc(Br)ccc1OCCCCC,0,1,1,7,0,269.18199999999996
P150015,0.7200186187648077,*Oc1ccc(C(C)(CC)c2ccc(OC(*)=O)cc2)cc1,0,2,1,4,0,268.312
P382331,0.7198885448762029,*c1cc(CC(=O)OCC)c(*)s1,1,0,1,3,0,168.21699999999998
P332308,0.7197013105161636,*/C=C/C(*)(C)c1ccccc1,0,1,0,2,0,130.18999999999997
P160019,0.7188085240938813,*CCN(*)C(=O)c1ccc2ccccc2c1,0,2,0,2,0,197.237
P322137,0.7187163505553054,*CCC(*)(C)c1ccccc1,0,1,0,4,0,132.20599999999996
P010014,0.7181592696626349,*CC(*)(C)C,0,0,0,4,0,56.10799999999999
P060004,0.7178163331368577,*/C=C/C(C)C*,0,0,0,3,0,68.119
P060003,0.7178163331368577,*/C=C/C(C)C*,0,0,0,3,0,68.119
P482005,0.7176692129798402,*N=P(*)(CCC)CCC,0,0,0,6,0,131.15900000000002
P034238,0.7176196452667221,*CC(*)CNc1ccc([N+](=O)[O-])cn1,0,0,0,3,0,179.17899999999997
P450037,0.7172265855731296,*OC(C)COC(*)=O,0,0,1,3,0,102.08899999999998
P090042,0.7158229300816699,*CCOC(=O)c1ccc2ccc(C(=O)O*)cc2c1,1,2,1,2,0,242.22999999999996
P090043,0.7158228785422245,*CCOC(=O)c1ccc2cc(C(=O)O*)ccc2c1,1,2,1,2,0,242.22999999999996
P130249,0.7153673555220843,*C(=O)NCCNC(=O)c1ccc(N2C(=O)c3ccc(*)cc3C2=O)cc1,0,2,0,2,0,335.31900000000013
P100077,0.7153122833431858,*CCCCCCCCCCNC(=O)/C=C(\C)C(=O)N*,0,0,0,11,0,266.385
P150034,0.7141338317323547,*Oc1ccc(C(CCC)(CCC)c2ccc(OC(*)=O)cc2)cc1,0,2,1,7,0,310.39300000000003
P040049,0.7134017775094954,*CC(*)(C)C(=O)OCC,1,0,1,5,0,114.14399999999998
P100800,0.7131246474458675,*Nc1ccc(NC(=O)CCCCCC(*)=O)cc1,0,1,0,5,0,232.28299999999996
P342132,0.7131136800877276,*CC(*)(C)C(=O)NC(C)c1cccc2ccccc12,0,2,0,5,0,239.318
P470025,0.7130513824069202,*O[Si](*)(C)CCCC(=O)OCC,1,0,1,6,0,174.272
P070033,0.7119715025251672,*CC(COc1ccccc1)O*,0,1,1,3,0,150.17699999999996
P452056,0.7119651214061424,*Oc1ccc(C(C)(C)c2ccc(OC(=O)OCCCOC(*)=O)cc2)cc1,0,2,3,6,0,356.3740000000001
P010097,0.7113037273006344,*CC/C=C(/*)C(C)C,0,0,0,5,0,96.17299999999999
P180033,0.710534521441373,*N=P(*)(Cl)Cl,0,0,0,0,0,115.887
P370309,0.7103065591148892,*OC(C)COC(C)COC(=O)c1ccc(C(*)=O)cc1,1,1,2,6,0,264.277
P373255,0.7090344295734724,*Oc1c(C)cc(C(=O)c2ccc(*)cc2)cc1C,0,2,0,2,0,224.259
P160044,0.7067462699233519,*CCN(*)C(=O)CCC(=O)OC,1,0,1,5,0,157.16899999999998
P390202,0.7066013520192069,*CCCCOC(=O)/C=C/C(=O)O*,1,0,1,4,0,170.16399999999996
P390201,0.7066013520192069,*CCCCOC(=O)/C=C/C(=O)O*,1,0,1,4,0,170.16399999999996
P070077,0.7064226948962558,*Oc1c(C)cc(*)cc1C(C)CCC,0,1,0,6,0,176.25899999999993
P070021,0.7057504378000063,*CC(COC)O*,0,0,1,4,0,88.106
P090016,0.7054661377755782,*CCOC(=O)CCCCCCCC(=O)O*,1,0,1,9,0,214.26099999999994
P090052,0.7054661314340662,*CCCCCOC(=O)CCCCC(=O)O*,1,0,1,9,0,214.26099999999994
P090014,0.7054660773777439,*CCCOC(=O)CCCCCCC(=O)O*,1,0,1,9,0,214.26099999999994
P320002,0.7051111853466294,*CC(*)c1ccc(/C(Cc2ccccc2)=N/O)cc1,0,2,0,3,0,237.30200000000002
P200009,0.7048583501915964,*C1CCCCC1S(*)(=O)=O,0,0,0,6,0,146.21099999999998
P100682,0.7041064895255555,*NC(CCC(=O)OCCCC)C(*)=O,1,0,1,7,0,185.22299999999996
P180003,0.7039859676660942,*N=P(*)(OCCC)OCCC,0,0,0,6,0,163.15699999999998
P040228,0.7039344392588638,*CC(*)(C)C(=O)OCCCCC,1,0,1,8,0,156.22499999999997
P342491,0.7037763300704243,*CC(*)(C)C(=O)OCc1ccc(Cl)cc1,1,1,1,4,0,210.66
P190001,0.7030807701621299,*CCC(*)=O,0,0,0,2,0,56.064
P020138,0.7018576784132124,*CC(*)c1cc(Br)ccc1OC,0,1,1,3,0,213.07399999999998
P050035,0.7009534625264695,*/C=C(\F)C(F)(F)C*,0,0,0,2,0,108.06200000000001
P392646,0.7008312983069291,*Oc1ccccc1C(=O)OC(=O)c1ccccc1OC(=O)CCCCC(*)=O,3,2,2,4,0,368.3410000000003
P010024,0.70008303905827,*CC(*)CC1CCCC1,0,0,0,8,0,110.2
P360033,0.6991769338446121,*CC(C)/C=C(/*)C,0,0,0,4,0,82.146
P342452,0.6982780264560655,*CC(*)(CCC)C(=O)OC,1,0,1,6,0,128.17099999999996
P180040,0.6981784468166132,*N=P(*)(C)C,0,0,0,2,0,75.051
P150085,0.696045000199192,*Oc1ccc(C(C)(CC)c2ccc(OC(*)=S)cc2)cc1,0,2,1,4,0,284.38
P342006,0.6949241133265858,*CC(*)(C)C(=O)OCCCCc1ccccc1,1,1,1,7,0,218.296
P010091,0.6943182183298053,*CC(*)C1CCCC(C)C1,0,0,0,9,0,124.22699999999999
P462070,0.6942542812003629,*c1[nH]c(*)c(OC)c1OC,0,0,2,2,0,125.12699999999998
P030098,0.693981523636112,*CC(*)C(=O)c1ccc(C(C)(C)C)cc1,0,1,0,6,0,188.26999999999998
P370607,0.693722393563875,*CC(CSC)O*,0,0,0,4,0,104.17399999999998
P342005,0.6936466065292789,*CC(*)(C)C(=O)OCCCOc1ccc(-c2ccc(C#N)cc2)cc1,1,2,2,6,0,321.376
P090542,0.6934959700564463,*CCCOC(=O)c1ccc2cc(C(=O)O*)ccc2c1,1,2,1,3,0,256.25699999999995
P100193,0.6932913993178282,*CCNC(=O)CCCCC(=O)N*,0,0,0,6,0,170.21200000000002
P100138,0.692792128809722,*Cc1cc(C)c(CNC(=O)c2ccc(C(=O)N*)cc2)cc1C,0,2,0,4,0,294.35400000000004
P100688,0.6912468807006499,*NC(CCC(=O)OCC)C(*)=O,1,0,1,5,0,157.16899999999998
P039005,0.6911465454220348,*CC(*)N1CCCC1=O,0,0,0,5,0,111.14399999999999
P090598,0.6909211716370808,*OC(C)COC(=O)c1ccccc1C(*)=O,1,1,1,3,0,206.19699999999997
P312024,0.6908637710075654,*C1C2CCC(C2)C1*,0,0,0,7,0,94.15699999999998
P040274,0.6903867697096497,*CC(*)(CC(=O)OCc1ccccc1)C(=O)OCc1ccccc1,2,2,2,5,0,310.349
P030046,0.6896345981534271,*CC(*)(C)OC,0,0,1,4,0,72.107
P462471,0.6886670867356521,*CCN(*)C(=O)c1ccc(F)c(F)c1F,0,1,0,2,0,201.14699999999993
P390393,0.6881366365025026,*OC1CCC(OC(=O)C(*)=O)CC1,1,0,1,6,0,170.16399999999996
P150017,0.6879792062160266,*Oc1ccc(C(C)(CCC)c2ccc(OC(*)=O)cc2)cc1,0,2,1,5,0,282.339
P462103,0.6855969023248809,*N=P(*)(C)CCCC,0,0,0,5,0,117.132
P380029,0.6854773638750578,*c1cc(C)c(*)s1,0,0,0,1,0,96.154
P322111,0.6851705605068925,*CC(*)c1ccc(OCCOCCOC(C)=O)cc1,1,1,3,7,0,250.29399999999995
P470141,0.6841352334683294,*Cc1ccccc1C[Si](*)(C)C,0,1,0,4,0,162.308
P070078,0.6840957698320116,*Oc1c(C)cc(*)cc1C(C)CCCC,0,1,0,7,0,190.28599999999992
P330076,0.6837846224628555,*CC(*)N1CCCC1=S,0,0,0,5,0,127.21199999999999
P090101,0.6831392076577978,*CCCCCCOC(=O)CCCCC(=O)O*,1,0,1,10,0,228.28799999999993
P090020,0.6831391687146169,*CCOC(=O)CCCCCCCCC(=O)O*,1,0,1,10,0,228.28799999999993
P400269,0.6822270139448309,*Nc1ccc(Br)cc1-c1ccc(NC(=O)c2ccc(C(*)=O)cc2)cc1,0,3,0,0,0,393.2400000000001
P100681,0.6817795807570549,*NC(CCC(=O)OCCCCC)C(*)=O,1,0,1,8,0,199.24999999999994
P040056,0.6816075789993389,*CC(*)(C)C(=O)OCCCCCC,1,0,1,9,0,170.25199999999995
P070089,0.6787518350795322,*CCOCO*,0,0,1,3,0,74.079
P040010,0.6779416875954197,*CC(*)C(=O)OC(C)(C)C,1,0,1,6,0,128.17099999999996
P390342,0.6778307610961719,*CCC(C)CC(=O)O*,0,0,0,5,0,114.14399999999999
P342425,0.6772871827838529,*CC(*)C(=O)Nc1ccc(C(=O)/C=C/c2ccc(Br)cc2)cc1,0,2,0,2,0,356.219
P020143,0.6766531300814234,*CC(*)c1cc(C)cc(C)c1,0,1,0,4,0,132.206
P030181,0.676226394803833,*CC(*)P(=O)(OCC)N(C)C,0,0,0,6,0,163.15699999999998
P010092,0.6760447882800276,*CC(*)C1CCC(C)CC1,0,0,0,9,0,124.22699999999999
P462446,0.6748014456040565,*CCN(*)C(=O)C1(c2ccc(Cl)cc2)CCC1,0,1,0,6,0,235.71399999999994
P090541,0.6711691336321381,*CCCCOC(=O)c1ccc2cc(C(=O)O*)ccc2c1,1,2,1,4,0,270.284
P070428,0.6708594436091244,*OC1CCCCC1*,0,0,0,6,0,98.145
P382457,0.6702585585684129,*Nc1cnc(*)s1,0,0,0,0,0,98.13
P322004,0.669978139900131,*CC(*)c1cc(OC)c(OC(C)=O)c(OC)c1,1,1,3,5,0,222.23999999999998
P472110,0.6682780151845429,*O[Si](*)(c1ccccc1)c1ccc(OC(C)(C)C)cc1,0,2,1,4,0,270.40399999999994
P040048,0.6679925611001738,*CC(*)(C)C(=O)OC,1,0,1,4,0,100.11699999999998
P452050,0.6677704558025122,*OC1CCCCC1OC(*)=O,0,0,1,6,0,142.154
P070424,0.6677432788854414,*CC(COc1ccc(O*)cc1)OC(C)=O,1,1,2,4,0,208.21299999999997
P470024,0.6676421269371057,*O[Si](*)(C)CCCC(=O)OC,1,0,1,5,0,160.245
P020064,0.6673966082451797,*CC(*)c1ccc(/C(C)=N/O)cc1,0,1,0,3,0,161.204
P020133,0.6667922140064786,*CC(*)c1cc(Cl)ccc1Cl,0,1,0,2,0,173.042
P020126,0.6667922127397858,*CC(*)c1ccc(Cl)cc1Cl,0,1,0,2,0,173.042
P372003,0.6660749429997238,*CC(COc1ccc(-c2ccc(OC)cc2)cc1)O*,0,2,2,4,0,256.301
P462369,0.6656461295509895,*c1[nH]c2ccccc2c1*,0,1,0,0,0,115.13499999999998
P372349,0.6646547708769519,*CCOCCOc1ccc(/C=C(\C)c2ccc(O*)cc2)cc1,0,2,2,5,0,296.366
P030116,0.6641811092859009,*CC(*)OC(=O)C1CCCCC1,1,0,1,8,0,154.20899999999997
P100001,0.6624792653573336,*CCC(=O)N*,0,0,0,2,0,71.079
P372261,0.6617686939159155,*Oc1c(C)cc(*)cc1C(C)CCCCC,0,1,0,8,0,204.3129999999999
P090424,0.6608123319422309,*CCCCOC(=O)CCCCCCCC(=O)O*,1,0,1,11,0,242.3149999999999
P392661,0.6608122320746104,*CCCCCCCCCOC(=O)CCC(=O)O*,1,0,1,11,0,242.31499999999997
P100686,0.6594526918883499,*NC(CCC(=O)OCCCCCC)C(*)=O,1,0,1,9,0,213.27699999999993
P180004,0.6593320843980738,*N=P(*)(OCCCC)OCCCC,0,0,0,8,0,191.21099999999996
P180005,0.6593320627347751,*N=P(*)(OCCC)OCCCCC,0,0,0,8,0,191.21099999999996
P332170,0.6589394355527813,*/C=C/C1CC(*)C(C#N)(CCC)C1,0,0,0,8,0,161.24799999999996
P140019,0.6582135701936138,*OC(=O)CCCCCCCCC(*)=O,0,0,0,8,0,184.23499999999996
P372170,0.6581242285542735,*CCOCCOC(=O)O*,0,0,2,4,0,132.11499999999998
P370609,0.6577977825639505,*CC(CSCCC)O*,0,0,0,6,0,132.22799999999998
P312031,0.6571035540499158,*C1C2CC(C)C(C2)C1*,0,0,0,8,0,108.18399999999998
P070561,0.6570188045169737,*CCOCC(=O)O*,0,0,1,3,0,102.08899999999998
P372809,0.6567920215753822,*CC(OO*)c1ccc(Br)cc1,0,1,0,2,0,215.046
P382347,0.6567573508178917,*c1cc(CCCCCCOC(=O)Cc2ccccc2)c(*)s1,1,1,1,7,0,300.423
P100151,0.655056182713668,*c1ccc(NC(=O)CCCCC(=O)Nc2ccc(S(*)(=O)=O)cc2)cc1,0,2,0,4,0,358.41900000000004
P040195,0.6546116580670904,*CC(*)C(=O)Oc1ccccc1C(C)(C)C,1,1,1,6,0,204.26899999999995
P342151,0.6536240978204602,*CC(*)(CCCCC)C(=O)OC,1,0,1,8,0,156.225
P402185,0.6535594709076873,*NNC(=O)c1ccc(C(*)=O)cc1OCC,0,1,1,2,0,206.20099999999996
P522021,0.6533398820305847,*CC(*)(F)C(=O)OCCC,1,0,1,5,0,132.134
P040264,0.6533354969635301,*CC(*)(C#N)C(=O)OCCCC,1,0,1,6,0,153.18099999999998
P074419,0.6510995100929444,*CCc1ccc(*)o1,0,0,0,2,0,94.11299999999999
P060013,0.6509961935353776,*C1C=CC(*)CC1,0,0,0,4,0,80.13000000000001
P070379,0.6508367649232396,*CC(C)CO*,0,0,0,4,0,72.107
P040053,0.6498531277909135,*CC(*)(C)C(=O)OC(C)CC,1,0,1,7,0,142.19799999999998
P500034,0.649664856461756,*C/C=C(\C)C(C)S(*)(=O)=O,0,0,0,4,0,146.21099999999998
P370067,0.6493207041179276,*C1CCOC1*,0,0,1,4,0,70.091
P050040,0.6491509310014927,*CC(*)CCI,0,0,0,4,0,182.004
P340016,0.6489926952907424,*CC(*)(C)C(=O)OCCCCCOc1ccc(-c2ccc(C#N)cc2)cc1,1,2,2,8,0,349.43
P090540,0.6488421642202207,*CCCCCOC(=O)c1ccc2cc(C(=O)O*)ccc2c1,1,2,1,5,0,284.31100000000004
P100002,0.6486375363913562,*CCCCNC(=O)CCCCC(=O)N*,0,0,0,8,0,198.26599999999996
P030040,0.6484154710156582,*CC(*)OC=O,0,0,1,2,0,72.063
P020142,0.6473756211042947,*CC(*)c1cc(Br)ccc1OCCC(C)C,0,1,1,7,0,269.18199999999996
P020125,0.6473679662387836,*CC(*)c1ccc(Cl)cc1C,0,1,0,3,0,152.624
P074566,0.6472801506214835,*CC(COc1ccc(S(=O)(=O)c2ccc(O*)cc2)cc1)OC(C)=O,1,2,2,4,0,348.3760000000001
P070574,0.6471369825165277,*Oc1cccc(NC(=O)CCCCC(=O)Nc2ccc(*)cc2)c1,0,2,0,4,0,310.353
P094598,0.6470743985388594,*OC(C)CCCCC(*)=O,0,0,0,6,0,128.171
P170005,0.6463538209038378,*CCC[Si](*)(C)c1ccccc1,0,1,0,4,0,162.308
P030129,0.6463120383896921,*CC(*)OC(=O)C(F)(F)C(F)(F)F,1,0,1,4,0,190.06699999999998
P090515,0.6458711355940445,*CCC(C)CCC(=O)O*,0,0,0,6,0,128.171
P100170,0.6458377008818601,*NC(CCC(=O)OC)C(*)=O,1,0,1,4,0,143.142
P020147,0.6457534880877644,*CC(*)c1ccc(Cl)c(F)c1,0,1,0,2,0,156.587
P462463,0.6456341036224685,*CCN(*)C(=O)c1ccc(F)c(F)c1,0,1,0,2,0,183.15699999999995
P030011,0.6452334530292066,*CC(*)(C)C#N,0,0,0,3,0,67.091
P219039,0.6450401460719618,*C1c2cccc3cccc(c23)C1*,0,2,0,2,0,152.19599999999997
P402186,0.6440922477044535,*NNC(=O)c1ccc(C(*)=O)cc1OCCCCC,0,1,1,5,0,248.28199999999993
P020146,0.6433366119110815,*CC(*)c1ccc(Cl)c(Cl)c1,0,1,0,2,0,173.042
P040073,0.6426799692914276,*CC(*)(C)C(=O)OCc1ccccc1,1,1,1,4,0,176.215
P462570,0.6426715321482588,*CCN(*)C(=O)C1CC1,0,0,0,5,0,111.14399999999998
P460065,0.641991791633824,*Nc1ccc(*)cc1C,0,1,0,1,0,105.13999999999999
P462104,0.6409429926534675,*N=P(*)(C)CCCCCC,0,0,0,7,0,145.186
P020193,0.6405906711939837,*CC(*)n1cc2ccccc2n1,0,1,0,2,0,144.17699999999996
P040320,0.6404759492220823,*CC(*)(C#N)C(=O)OCC,1,0,1,4,0,125.12699999999998
P400135,0.640385005175192,*Nc1cccc(NC(=O)c2cc(NC(=O)c3ccccc3)cc(C(*)=O)c2)c1,0,3,0,0,0,357.3690000000001
P100187,0.6401523128124686,*CCCC(=O)N*,0,0,0,3,0,85.106
P402038,0.6395751375448224,*/N=N/c1ccc(NC(=O)CCC(=O)Nc2ccc(*)cc2)cc1,0,2,0,2,0,294.31399999999996
P070391,0.6392150638258365,*CC1CC(*)OCO1,0,0,2,5,0,100.11699999999999
P472101,0.6391409731780902,*CC(C[Si](*)(C)C)c1ccccc1,0,1,0,5,0,176.335
P312022,0.638498321463898,*C1CCC(*)C1,0,0,0,5,0,68.11900000000001
P090022,0.6384853983631674,*CCCCOC(=O)CCCCCCCCC(=O)O*,1,0,1,12,0,256.3419999999999
P100822,0.6379884465851666,*CCCCCCNC(=O)CCCCC(=O)NCC(=O)N*,0,0,0,11,0,283.37199999999996
P040059,0.636953691991059,*CC(*)(C)C(=O)OCCCCCCCC,1,0,1,11,0,198.30599999999993
P100089,0.6368395653573602,*CCCCNC(=O)c1ccc(C(C)(CC)c2ccc(C(=O)N*)cc2)cc1,0,2,0,8,0,350.462
P332171,0.636612526668429,*/C=C/C1CC(*)C(C#N)(CCCC)C1,0,0,0,9,0,175.27499999999995
P080005,0.6359458301759371,*CCSS*,0,0,0,2,0,92.18799999999999
P370611,0.6354707954935133,*CC(CSCCCC)O*,0,0,0,7,0,146.25499999999997
P030097,0.6353561710292378,*CC(*)C(=O)c1ccc(Br)c(OC)c1,0,1,1,3,0,241.08399999999997
P380093,0.6351023513847069,*c1ccc([Si](*)(C)C)s1,0,0,0,2,0,140.283
P070090,0.6340979508148641,*CCCCOCO*,0,0,1,5,0,102.133
P180002,0.6336128114375319,*N=P(*)(OCC)OCC,0,0,0,4,0,135.103
P332026,0.6332704394148485,*/C=C/C1CC(*)C(C(=O)OC)C1,1,0,1,6,0,152.19299999999996
P382205,0.6332420420974402,*CC(SS*)c1ccccc1,0,1,0,2,0,168.28600000000003
P470133,0.6329093478624563,*Cc1ccccc1[Si](*)(C)C,0,1,0,3,0,148.28099999999998
P210021,0.6328267880968501,*CCc1ccc(*)c(Cl)c1,0,1,0,2,0,138.597
P100161,0.6327293664650155,*c1ccc(NC(=O)CCCCCC(=O)Nc2ccc(S(*)(=O)=O)cc2)cc1,0,2,0,5,0,372.4460000000001
P462469,0.6326827704034662,*CCN(*)C(=O)c1c(F)ccc(F)c1F,0,1,0,2,0,201.14699999999996
P094574,0.6319421815394219,*CCOC(=O)c1ccc(-c2ccc(C(=O)O*)cc2C)c(C)c1,1,2,1,4,0,296.322
P510056,0.6319062676123761,*c1ccc(*)c(C(=O)c2ccc(F)cc2)c1,0,2,0,0,0,198.19599999999997
P500040,0.6315932846807517,*C1C2CCC(C2)C1S(*)(=O)=O,0,0,0,7,0,158.22199999999998
P040114,0.6311968591087284,*CC(*)(C)C(=O)OCCN(CC)CC,1,0,1,9,0,185.26699999999997
P100367,0.6302680642649079,*Nc1ccc(Cc2ccc(NC(=O)CCCCCCCC(*)=O)cc2)cc1,0,2,0,8,0,350.46200000000005
P500007,0.6302655443330221,*OS(=O)(=O)c1cc(C)c(*)c(C)c1,0,1,0,2,0,184.21599999999998
P020121,0.6289216327861564,*CC(*)c1c(Cl)cccc1Cl,0,1,0,2,0,173.04199999999997
P342511,0.6278834753418432,*CC(*)(C)C(=O)OCCOc1ccc(/N=N/c2ccc(OC)cc2)cc1,1,2,3,6,0,340.3790000000001
P372002,0.6276424102412577,*CC(COc1ccc(-c2ccc(C#N)cc2)cc1)O*,0,2,1,3,0,251.285
P372525,0.6275588213997847,*N1CCOC1(*)CC,0,0,1,5,0,99.133
P050042,0.626824028211154,*CC(*)CCCI,0,0,0,5,0,196.031
P322011,0.6266895253260287,*CC(*)c1ccccc1Br,0,1,0,2,0,183.04799999999997
P090539,0.6265153487226347,*CCCCCCOC(=O)c1ccc2cc(C(=O)O*)ccc2c1,1,2,1,6,0,298.338
P044520,0.62632142367182,*CC(*)(C#N)C(=O)OCC(C)C,1,0,1,6,0,153.18099999999998
P100003,0.6263105888214691,*CCCCCNC(=O)CCCCC(=O)N*,0,0,0,9,0,212.29299999999998
P090192,0.6262095932861536,*Oc1ccc(OC(=O)CCCCC(*)=O)cc1,1,1,1,4,0,220.22399999999996
P342613,0.6259013168824823,*CC(*)(C)C(=O)Oc1ccc(/C=C/c2ccccc2)cc1,1,2,1,3,0,264.324
P380140,0.6254811965856388,*c1cc(CCCC)c(*)s1,0,0,0,4,0,138.23499999999999
P100186,0.6249934549471858,*NC(C)CC(*)=O,0,0,0,3,0,85.106
P070583,0.6248101382482296,*Oc1cccc(NC(=O)CCCCCC(=O)Nc2ccc(*)cc2)c1,0,2,0,5,0,324.38
P312001,0.6247211159445965,*CC(*)C1CCCCC1C,0,0,0,9,0,124.22699999999999
P020145,0.6239123952905454,*CC(*)c1ccc(Cl)c(C)c1,0,1,0,3,0,152.624
P100118,0.6238131246692395,*Nc1cccc2c(NC(=O)c3cccc(C(*)=O)c3)cccc12,0,3,0,0,0,288.30600000000004
P034237,0.6237081990924236,*CC(*)CNc1ccc([N+](=O)[O-])cc1,0,1,0,3,0,178.19099999999997
P332169,0.623586037045626,*/C=C/C1CC(*)C(C#N)(CC)C1,0,0,0,7,0,147.22099999999998
P372473,0.6230602668664456,*OC(=O)OC1COC2C(*)COC12,0,0,3,6,0,172.136
P030109,0.6217985541649689,*CC(*)OC(=O)CCCC(=O)c1ccccc1,1,1,1,5,0,218.252
P462203,0.6216328767957676,*c1cn(*)c2ccccc12,0,1,0,0,0,115.13499999999996
P462464,0.6205365884874319,*CCN(*)C(=O)c1cccc(F)c1F,0,1,0,2,0,183.15699999999993
P100439,0.6205250611844295,*NC(CCC(=O)OCc1ccccc1)C(*)=O,1,1,1,4,0,219.24
P390227,0.6187157630659001,*Oc1ccc(OC(=O)c2ccc(C(*)=O)cc2Sc2ccccc2)cc1C,1,3,1,1,0,362.4060000000001
P450040,0.618406761146816,*OC1CCC(OC(*)=O)CC1,0,0,1,6,0,142.15399999999997
P522020,0.6181533480316117,*CC(*)(F)C(=O)OCC,1,0,1,4,0,118.10699999999999
P070565,0.6180815951288852,*CCOCCOC(=O)c1ccccc1-c1ccccc1C(=O)O*,1,2,2,4,0,312.3210000000001
P020130,0.6177544737365923,*CC(*)c1cc(C)ccc1C,0,1,0,4,0,132.206
P020122,0.6177544380603159,*CC(*)c1ccc(C)cc1C,0,1,0,4,0,132.206
P452029,0.6176447487001087,*Oc1ccc(C(C)(C)c2ccc(OC(=O)SCCCSC(*)=O)cc2)cc1,0,2,1,6,0,388.51000000000016
P170006,0.6167419134287113,*C[Si](*)(C)C,0,0,0,3,0,72.18299999999999
P322025,0.6166647111363897,*CC(*)c1cccc(Br)c1,0,1,0,2,0,183.048
P030035,0.6164222429622512,*CC(*)O[N+](=O)[O-],0,0,0,2,0,89.04999999999998
P210024,0.6161064401382419,*CCc1ccc(*)c2ccccc12,0,2,0,2,0,154.212
P332014,0.6154549007494332,*/C(=C(/*)c1ccc(C(C)(C)C)cc1)c1ccccc1,0,2,0,4,0,234.34200000000004
P170001,0.6150580758282035,*O[Si](C)(C)Oc1ccc(C(C)(C)c2ccc(*)cc2)cc1,0,2,0,5,0,284.431
P100690,0.6147987961551741,*NC(CCC(=O)OCCCCCCCC)C(*)=O,1,0,1,11,0,241.3309999999999
P180006,0.6146782417906356,*N=P(*)(OCCCCC)OCCCCC,0,0,0,10,0,219.26499999999996
P090288,0.6141674463613199,*OC(C)COC(=O)c1cccc(C(*)=O)c1,1,1,1,3,0,206.19699999999997
P210008,0.6134025711689537,*CCc1ccc(*)c(C)c1,0,1,0,3,0,118.17899999999997
P370612,0.6131438530186955,*CC(CSCCCCC)O*,0,0,0,8,0,160.28199999999998
P070337,0.6126639406650196,*CCOC(=O)c1ccc(C(C)(CC)c2ccc(C(=O)O*)cc2)cc1,1,2,1,6,0,324.376
P134415,0.6124520725676581,*C1C(=O)N(c2ccccc2C)C(=O)C1*,0,1,0,3,0,187.19799999999995
P070091,0.6117709403903733,*CCCCCOCO*,0,0,1,6,0,116.16
P020156,0.6102303443738959,*CC(*)c1cccc2ccccc12,0,2,0,2,0,154.212
P432610,0.6088805830721156,*CC(c1ccccc1)C1C(=O)N(C)C(=O)C1*,0,1,0,5,0,215.25199999999995
P040338,0.6086816240221586,*CC(*)(C#N)C(=O)OCCCCCC,1,0,1,8,0,181.23499999999996
P340035,0.6068670313548492,*CC(*)C(=O)n1c2ccccc2c2ccccc21,0,2,0,2,0,221.259
P030178,0.6065872309759918,*CC(*)OC(=O)C1CCCC1,1,0,1,7,0,140.182
P020144,0.604488164797606,*CC(*)c1ccc(C)c(C)c1,0,1,0,4,0,132.206
P392156,0.6041883005812843,*CCCCCCCOC(=O)c1ccc2cc(C(=O)O*)ccc2c1,1,2,1,7,0,312.36500000000007
P100005,0.6039837161082509,*CCCCCCNC(=O)CCCCC(=O)N*,0,0,0,10,0,226.31999999999996
P040273,0.603586643444751,*CC(*)(CC(=O)Oc1ccccc1)C(=O)Oc1ccccc1,2,2,2,3,0,282.29499999999996
P050016,0.6031414296326865,*C(F)(F)C(*)(F)C(F)(F)F,0,0,0,3,0,150.021
P340131,0.6026158578667349,*CC(*)(C)C(=O)OCCc1ccc(/N=N/c2ccccc2)cc1,1,2,1,5,0,294.35400000000004
P070587,0.6024831620757625,*Oc1cccc(NC(=O)CCCCCCC(=O)Nc2ccc(*)cc2)c1,0,2,0,6,0,338.407
P370608,0.6021661375939845,*CC(CSCC)O*,0,0,0,5,0,118.20099999999998
P460166,0.6021160950095827,*Nc1ccc(*)cc1OC,0,1,1,1,0,121.13899999999998
P472031,0.6016999095681558,*CCCCC[Si](*)(C)c1ccccc1,0,1,0,6,0,190.36200000000002
P342582,0.6000478480619197,*CC(*)(C)C(=O)OCCN(CC)c1ccccc1,1,1,1,7,0,233.311
P090177,0.5995430334409819,*CCC(=O)O*,0,0,0,2,0,72.063
P080010,0.5994899532197489,*CC(CC)S*,0,0,0,4,0,88.17499999999998
P040071,0.5992799181367945,*CC(*)(C)C(=O)Oc1ccccc1,1,1,1,3,0,162.188
P370616,0.5984389057585129,*CC(CS(=O)(=O)C(C)C)O*,0,0,0,6,0,164.22599999999997
P040156,0.5982064811191947,*CC(*)(Cl)C(=O)OCCC,1,0,1,5,0,148.58899999999997
P070394,0.5981782873381788,*CC1CC(*)OC(CCC)O1,0,0,2,8,0,142.19799999999998
P332127,0.5979726140735316,*CC(*)N,0,0,0,2,0,43.068999999999996
P462003,0.5966531900087055,*Nc1cccc2c(N[Se]*)cccc12,0,2,0,0,0,235.148
P100004,0.595498449791731,*CCCCCC(=O)N*,0,0,0,5,0,113.16
P040159,0.5950667366509517,*CC(*)(C#N)C(=O)OC,1,0,1,3,0,111.09999999999998
P180001,0.5950140926329518,*N=P(*)(OC)OC,0,0,0,2,0,107.04899999999999
P070181,0.5940401814778287,*CCCNC(=O)CCCCC(=O)NCCCO*,0,0,0,10,0,242.31899999999996
P090023,0.5938317164744271,*CCCCCCOC(=O)CCCCCCCCC(=O)O*,1,0,1,14,0,284.3959999999999
P090011,0.5938315864261664,*CCCCCCCCCCOC(=O)CCCCC(=O)O*,1,0,1,14,0,284.39599999999996
P400245,0.5935904030503063,*Nc1cccc(/C=C/c2ccc(NC(=O)c3cccc(C(*)=O)c3)cc2)c1,0,3,0,0,0,340.38200000000006
P370653,0.5926589406454763,*COC(=O)OCC1OC(OCC)OC1*,0,0,5,7,0,204.17799999999997
P040152,0.5922998275185571,*CC(*)(C)C(=O)OCCCCCCCCCC,1,0,1,13,0,226.3599999999999
P070019,0.5920261299939927,*CC(CC)O*,0,0,0,4,0,72.10699999999999
P382006,0.5902290698918917,*c1cc(CCOC(=O)NCCCC)c(*)s1,0,0,1,6,0,225.31299999999996
P370519,0.5898900638555513,*CCCCOc1ccc(CCc2ccc(O*)cc2C)cc1,0,2,1,7,0,282.3829999999999
P090173,0.5893915269615199,*CCCCCCOC(=O)C(=O)O*,1,0,1,6,0,172.17999999999998
P174481,0.588944999195612,*C[Si](*)(CCC)CCC,0,0,0,7,0,128.291
P160002,0.5882482814452622,*CCN(*)C(C)=O,0,0,0,3,0,85.10599999999998
P090357,0.5880069204138203,*Oc1ccc(Cc2ccc(OC(=O)CCCCC(*)=O)cc2)cc1,1,2,1,5,0,310.34899999999993
P080055,0.5877755605154372,*CCC(=O)NCCCCCCNC(=O)CCS*,0,0,0,10,0,258.38699999999994
P150011,0.587066188210956,*Oc1ccc(C(C)(C)c2ccc(OC(*)=O)cc2)cc1,0,2,1,3,0,254.28500000000003
P460049,0.5870087042479277,*c1ccc(*)[nH]1,0,0,0,0,0,65.075
P342453,0.5866433872859765,*CC(*)(CCCCCCCC)C(=O)OC,1,0,1,11,0,198.30599999999998
P332199,0.5865791076116647,*/C(C)=C(/*)[Ge](C)(C)C,0,0,0,4,0,156.772
P044522,0.5863547626737464,*CC(*)(C#N)C(=O)OCCCCCCC,1,0,1,9,0,195.26199999999994
P050015,0.5859276656243884,*CC(*)(F)C(F)(F)F,0,0,0,3,0,114.04100000000001
P040255,0.5852216668339781,*CC(*)(C)C(=O)Oc1ccc(CC#N)cc1,1,1,1,4,0,201.22499999999997
P070319,0.5851057244581014,*CCOCCOC(=O)c1ccccc1C(=O)O*,1,1,2,4,0,236.22299999999998
P030071,0.5842194851938682,*CC(*)OC(=O)c1ccc(C(C)(C)C)cc1,1,1,1,6,0,204.26899999999998
P462532,0.5840043303001705,*CCN(*)CCOCCOC,0,0,2,7,0,145.202
P400299,0.5827167403048215,*CCCCNC(=O)CC(=O)N*,0,0,0,5,0,156.185
P392157,0.5818614285894181,*CCCCCCCCOC(=O)c1ccc2cc(C(=O)O*)ccc2c1,1,2,1,8,0,326.39200000000005
P100006,0.5816568467210816,*CCCCCCNC(=O)CCCCCC(=O)N*,0,0,0,11,0,240.34699999999995
P100012,0.5816567953355917,*CCCCCCCNC(=O)CCCCC(=O)N*,0,0,0,11,0,240.34699999999995
P380066,0.5808271961725431,*c1cc(CCCCCC)c(*)s1,0,0,0,6,0,166.28900000000002
P070576,0.5801562329699209,*Oc1cccc(NC(=O)CCCCCCCC(=O)Nc2ccc(*)cc2)c1,0,2,0,7,0,352.43399999999997
P400223,0.5791957575633608,*CCCCNC(=O)C(=O)N*,0,0,0,4,0,142.158
P380048,0.5773077010608665,*C1C=C(CCCCCC)C(*)S1,0,0,0,8,0,168.305
P090087,0.5772160763304085,*CCCC(=O)O*,0,0,0,3,0,86.08999999999999
P330042,0.5768800424959734,*CC(*)OC(=O)OCC(F)(F)F,0,0,2,4,0,170.08599999999996
P084418,0.5768311635589103,*CCc1ccc(*)s1,0,0,0,2,0,110.18099999999998
P372097,0.5763483575236533,*Oc1ccc(C(C)(C)c2ccc(Oc3cncc(*)n3)cc2)cc1,0,2,1,3,0,304.34900000000005
P040157,0.575879542656791,*CC(*)(Cl)C(=O)OCCCC,1,0,1,6,0,162.61599999999996
P370137,0.573806768716955,*OC(F)(C(*)(F)F)C(F)(F)F,0,0,0,3,0,166.01999999999998
P100011,0.5731715364590785,*CCCCCCC(=O)N*,0,0,0,6,0,127.187
P040265,0.5727441330941226,*CC(*)(F)C(=O)OC,1,0,1,3,0,104.07999999999998
P020185,0.572671985470186,*CC(*)c1ccc(C(=O)C(F)(F)F)cc1,0,1,0,3,0,200.15899999999996
P030080,0.5713474893311561,*CC(*)OCC(CC)CCCC,0,0,1,10,0,156.26899999999998
P070575,0.5708948864807519,*Oc1ccc(NC(=O)CCCCC(=O)Nc2ccc(*)cc2)cc1,0,2,0,4,0,310.353
P400095,0.5701450545928877,*NC(CCC(=O)OCCCCCCCCCC)C(*)=O,1,0,1,13,0,269.3849999999999
P070267,0.569959781208463,*CC(=O)OC(=O)COc1ccc(O*)cc1,2,1,2,2,0,208.169
P160004,0.5697844551762137,*CCN(*)C(=O)CCC,0,0,0,5,0,113.15999999999998
P070024,0.5696783613439096,*CC(CCCC)O*,0,0,0,6,0,100.16099999999999
P080021,0.5689650567532364,*CCCCCSS*,0,0,0,5,0,134.269
P080101,0.5678903034979419,*CC(S*)c1ccccc1,0,1,0,2,0,136.21899999999997
P090544,0.5677020907905128,*Oc1cc(C)cc(OC(=O)c2cccc(C(*)=O)c2)c1,1,2,1,1,0,254.24099999999999
P330047,0.5676744605415665,*/C(Cl)=C(/*)CCCC,0,0,0,4,0,116.591
P370501,0.567563167538893,*CCCCCOc1ccc(CCc2ccc(O*)cc2C)cc1,0,2,1,8,0,296.40999999999997
P370310,0.5671423017929159,*OC(F)(F)C(F)(F)C(*)(F)F,0,0,0,3,0,166.01999999999998
P100126,0.5669690285604357,*Nc1cccc(NC(=O)c2cccc(C(*)=O)c2)c1,0,2,0,0,0,238.246
P170031,0.5669057070562343,*O[Si](*)(C)C,0,0,0,2,0,74.155
P170031,0.5669057070562343,*O[Si](*)(C)C,0,0,0,2,0,74.155
P370322,0.5664071531471646,*COc1ccc(C(C)(C)c2ccc(O*)cc2)cc1,0,2,1,4,0,240.30200000000002
P030168,0.5660132737608361,*CC(*)c1cccs1,0,0,0,2,0,110.18099999999998
P160031,0.5659213161968837,*CCCN(*)C(C)=O,0,0,0,4,0,99.13299999999998
P470134,0.5656713610592756,*Cc1ccccc1[Si](*)(C)c1ccccc1,0,2,0,2,0,210.352
P382266,0.565437655691695,*c1cc(SCCCCCC)c(*)s1,0,0,0,6,0,198.356
P070032,0.564970597781978,*CC(O*)c1ccccc1,0,1,0,2,0,120.15099999999995
P390312,0.5647681236135151,*Oc1ccc(C(*)=O)cc1CCCCC,0,1,0,5,0,190.24199999999993
P332273,0.5645579998695408,*/C=C/C1CC(*)C(C(=O)Oc2ccccc2)C1,1,1,1,5,0,214.26399999999998
P462462,0.5645522786984566,*CCN(*)C(=O)c1c(F)cccc1F,0,1,0,2,0,183.15699999999998
P400136,0.5641431046154227,*Nc1ccc(NC(=O)c2cc(NC(=O)c3ccccc3)cc(C(*)=O)c2)cc1,0,3,0,0,0,357.3690000000001
P080176,0.5639366921419604,*Cc1ccc(CSSS*)cc1,0,1,0,2,0,200.35300000000004
P030049,0.5634563964091077,*CC(*)OC(=O)C(F)(F)F,1,0,1,3,0,140.06
P392571,0.5633743934795867,*CCCCCCNC(=O)CCCC(=O)O*,0,0,0,9,0,213.27699999999996
P510055,0.5633089255905337,*c1ccc(*)c(C(=O)c2ccc(C)cc2)c1,0,2,0,1,0,194.23299999999998
P150084,0.5630925261437744,*Oc1ccc(C(C)(C)c2ccc(OC(*)=S)cc2)cc1,0,2,1,3,0,270.353
P040117,0.5630199548204209,*CC(*)(Cl)C(=O)OCC,1,0,1,4,0,134.56199999999998
P332184,0.5628144171241771,*CC(*)n1cncn1,0,0,0,2,0,95.10499999999999
P460229,0.5618111284118703,*N=P(*)(C)c1ccccc1,0,1,0,1,0,137.12199999999999
P340171,0.5616543176036831,*CC(*)C(=O)OCCn1c2ccccc2c2ccccc21,1,2,1,4,0,265.31200000000007
P020040,0.5612832021493153,*CC(*)c1cccc(F)c1,0,1,0,2,0,122.14199999999998
P040127,0.560935371019349,*CC(*)C(N)=O,0,0,0,2,0,71.079
P100203,0.560389776458901,*CCCCCNC(=O)CC(=O)N*,0,0,0,6,0,170.21200000000002
P020181,0.5598876762673743,*CC(*)(C)c1ccc(C)cc1,0,1,0,4,0,132.20599999999996
P040196,0.5596351977266989,*CC(*)C(=O)Oc1ccc(C(C)(C)C)cc1,1,1,1,6,0,204.26899999999998
P100015,0.5593299681062818,*CCCCCCCCNC(=O)CCCCC(=O)N*,0,0,0,12,0,254.37399999999997
P100007,0.5593299312281671,*CCCCCCNC(=O)CCCCCCC(=O)N*,0,0,0,12,0,254.37399999999994
P100013,0.5593299196175714,*CCCCCCCNC(=O)CCCCCC(=O)N*,0,0,0,12,0,254.37399999999994
P462459,0.5587469879787519,*CCN(*)C(=O)c1cccc(F)c1,0,1,0,2,0,165.16699999999994
P030103,0.5585715748726475,*CC(*)C(=O)c1ccc(C)c(C)c1,0,1,0,4,0,160.21599999999998
P210026,0.5582000672474935,*c1cccc(*)c1,0,1,0,0,0,76.098
P180029,0.5550261161103967,*N=P(*)(NCC)NCC,0,0,0,4,0,133.13500000000002
P090088,0.5548891583009936,*CCCCC(=O)O*,0,0,0,4,0,100.11699999999999
P360011,0.553861787702672,*/C(C)=C(/*)CCC,0,0,0,4,0,82.146
P422032,0.5538224258058754,*Nc1ccccc1CCc1ccc(NC(*)=O)cc1,0,2,0,2,0,238.29000000000002
P210009,0.5535050638898338,*CCc1ccc(*)c(CC)c1,0,1,0,4,0,132.206
P510001,0.5534063998351139,*CCc1ccc(*)c(CCCC)c1,0,1,0,6,0,160.26
P170071,0.5530071990940382,*O[Si](*)(C)CCC,0,0,0,4,0,102.209
P470046,0.5527767408612916,*O[Si](*)(C)C=C,0,0,0,1,0,86.166
P470046,0.5527767408612916,*O[Si](*)(C)C=C,0,0,0,1,0,86.166
P462458,0.5524062247268354,*CCN(*)C(=O)c1ccccc1F,0,1,0,2,0,165.16699999999994
P210007,0.5514053726134536,*CCc1cccc(*)c1,0,1,0,2,0,104.15199999999997
P332296,0.5513141730756965,*CC(*)n1ccc2ccccc21,0,1,0,2,0,143.18899999999996
P462501,0.5509384562043036,*CC(CC)N(*)C(=O)CCCC,0,0,0,8,0,155.24099999999999
P100014,0.5508446382182641,*CCCCCCCC(=O)N*,0,0,0,7,0,141.214
P070533,0.5505836869398648,*CCOCCOCCOC(=O)c1ccc(-c2ccc(C(=O)O*)cc2)cc1,1,2,3,6,0,356.3740000000001
P110124,0.5495107125329205,*C/C=C/COC(=O)NCCCCCCNC(=O)O*,0,0,1,8,0,256.30199999999996
P110123,0.5495107125329205,*C/C=C/COC(=O)NCCCCCCNC(=O)O*,0,0,1,8,0,256.30199999999996
P470049,0.5495037081128387,*C[Si](*)(C)c1ccccc1,0,1,0,2,0,134.25399999999996
P090015,0.5491778360685973,*CCCCCCCCCCOC(=O)CCCCCCC(=O)O*,1,0,1,16,0,312.45000000000005
P373539,0.5489031337363759,*CCCCCCOc1ccc(C(C)(C)c2ccc(O*)cc2)cc1,0,2,1,9,0,310.437
P070584,0.5485678866757309,*Oc1ccc(NC(=O)CCCCCC(=O)Nc2ccc(*)cc2)cc1,0,2,0,5,0,324.38
P034596,0.548508796758725,*C(F)(F)C(*)(F)OC(F)C(F)F,0,0,1,4,0,180.04699999999997
P370286,0.5479029883534486,*C1Oc2ccccc2C1*,0,1,1,2,0,118.13499999999996
P134413,0.5477593946268023,*C1C(=O)N(c2c(CC)cccc2CC)C(=O)C1*,0,1,0,6,0,229.27899999999997
P040060,0.5476460081981784,*CC(*)(C)C(=O)OCCCCCCCCCCCC,1,0,1,15,0,254.41399999999987
P100119,0.547570944452866,*Nc1cccc2c(NC(=O)c3ccc(C(*)=O)cc3)cccc12,0,3,0,0,0,288.30600000000004
P160006,0.5474575095699745,*CCN(*)C(=O)CCCC,0,0,0,6,0,127.18699999999998
P380027,0.5472380701855046,*c1ccc(*)s1,0,0,0,0,0,82.12700000000001
P014362,0.5469073715605219,*/C=C/*,0,0,0,0,0,26.037999999999997
P080024,0.5466381280928678,*CCCCCCSS*,0,0,0,6,0,148.29600000000002
P382394,0.5459269498276589,*c1cc(CCOC(=O)C(C)Br)c(*)s1,1,0,1,4,0,261.14
P370520,0.5452361727018677,*CCCCCCOc1ccc(CCc2ccc(O*)cc2C)cc1,0,2,1,9,0,310.437
P160003,0.5449342196656423,*CCN(*)C(=O)CC,0,0,0,4,0,99.13299999999998
P400349,0.5443827293085062,*CCNC(=O)c1ccc(C(=O)N*)c(Sc2ccccc2)c1,0,2,0,2,0,298.367
P174482,0.5442910193616196,*C[Si](*)(CCCC)CCCC,0,0,0,9,0,156.345
P134431,0.5435563637468946,*C1C(=O)N(c2ccccc2C(=O)OCCCC)C(=O)C1*,1,1,1,6,0,273.2879999999999
P452014,0.5432582695418235,*Sc1ccc(Cc2ccc(SC(*)=O)cc2)cc1,0,2,0,1,0,258.367
P030187,0.542306823590001,*C1Cc2ccccc2C1*,0,1,0,3,0,116.16299999999997
P110064,0.5409860053974215,*CCOC(=O)Nc1cc(NC(=O)O*)ccc1C,0,1,1,3,0,236.22699999999998
P020192,0.540521811054192,*CC(*)c1ccc(C)nc1,0,0,0,3,0,119.16699999999999
P020062,0.5404225434362859,*CC(*)c1ccc(Br)cc1,0,1,0,2,0,183.048
P090076,0.5397382166487285,*CCOC(=O)c1ccc(C(=O)O*)c2ccccc12,1,2,1,2,0,242.22999999999996
P090075,0.539738193208013,*CCOC(=O)c1cccc2c(C(=O)O*)cccc12,1,2,1,2,0,242.22999999999996
P030166,0.5397225227913481,*CC(*)OC(=O)CCl,1,0,1,3,0,120.535
P342030,0.5393275400453992,*CC(*)C(=O)OCCCn1c2ccccc2c2ccccc21,1,2,1,5,0,279.33900000000006
P170020,0.5391088193435134,*O[Si](*)(CCC)CCC,0,0,0,6,0,130.263
P400300,0.5380628769666833,*CCCCCCNC(=O)CC(=O)N*,0,0,0,7,0,184.239
P090610,0.5379253131836403,*OC(C)COC(=O)c1ccc(C(*)=O)cc1,1,1,1,3,0,206.19699999999997
P040149,0.5371180201012694,*CC(*)C(=O)OC1CCCCC1,1,0,1,8,0,154.20899999999997
P100008,0.5370030612205638,*CCCCCCNC(=O)CCCCCCCC(=O)N*,0,0,0,13,0,268.4009999999999
P100021,0.5370030298564972,*CCCCCCCCCNC(=O)CCCCC(=O)N*,0,0,0,13,0,268.4009999999999
P342364,0.5363699898974316,*CC(*)C(=O)Nc1cccc(Cl)c1,0,1,0,2,0,181.62199999999999
P380067,0.5361734295994568,*c1cc(CCCCCCCC)c(*)s1,0,0,0,8,0,194.343
P174327,0.5358626152074579,*C[Si](*)(C)CCCCCC,0,0,0,8,0,142.318
P134462,0.5357607019293582,*CC1(*)CC(=O)N(c2ccccc2)C1=O,0,1,0,3,0,187.19799999999998
P460230,0.5355380186542875,*N=P(*)(CC)c1ccccc1,0,1,0,2,0,151.149
P370016,0.5352623307358358,*OC(=O)OC1CC2CC(*)CC(C1)O2,0,0,2,8,0,184.19099999999997
P100532,0.5345419043952361,*CCCCCCNC(=O)C(=O)N*,0,0,0,6,0,170.21200000000002
P054499,0.5328843635067666,*CCC(Cl)C(*)Cl,0,0,0,4,0,124.998
P372808,0.5328132002187449,*CC(OO*)c1ccc(C)cc1,0,1,0,3,0,150.177
P340069,0.5326733477610046,*CC(*)(CC(=O)Oc1ccc(OC)cc1)C(=O)Oc1ccc(OC)cc1,2,2,4,5,0,342.34700000000004
P090089,0.5325621887943983,*CCCCCC(=O)O*,0,0,0,5,0,114.14399999999999
P070013,0.5324158401976713,*CCO*,0,0,0,2,0,44.053
P322057,0.5322898442915739,*CC(*)c1ccc([SiH](C)C)cc1,0,1,0,4,0,162.308
P460180,0.5321007942178269,*N(C)[Si](*)(C)C,0,0,0,3,0,87.198
P020033,0.5318704082893754,*CC(*)c1ccccc1F,0,1,0,2,0,122.14199999999998
P510054,0.531826005887976,*c1ccc(*)c(C(=O)c2ccccc2)c1,0,2,0,0,0,180.206
P030062,0.5311680775172244,*C1CC(*)(C#N)C1,0,0,0,4,0,79.102
P472004,0.5311505679501283,*O[Si](*)(C)c1ccc(C)cc1,0,1,0,2,0,150.253
P070591,0.5311086310170459,*Oc1ccc(C(=O)c2cccc(C(=O)c3ccc(*)c(CC)c3)c2)cc1CC,0,3,0,4,0,356.42100000000016
P020099,0.5308225014279857,*CC(*)c1ccc(C(=O)CCC)cc1,0,1,0,5,0,174.243
P134430,0.5306966683403612,*C1C(=O)N(c2ccccc2C(=O)OCC)C(=O)C1*,1,1,1,4,0,245.23399999999992
P472036,0.5306802716743241,*O[Si](*)(C)CCCC,0,0,0,5,0,116.236
P322026,0.5304677003840366,*CC(*)c1ccc(OC(C)=O)c(OC)c1,1,1,2,4,0,192.21399999999997
P140015,0.5295136602441551,*OC(=O)Cc1ccc(CC(*)=O)cc1,0,1,0,2,0,176.171
P020032,0.529453542278638,*CC(*)c1ccccc1Cl,0,1,0,2,0,138.59699999999998
P450043,0.529211070191841,*CCOC(=O)O*,0,0,1,2,0,88.06199999999998
P140011,0.5290767753186191,*OC(=O)c1ccc(C(C)(C)c2ccc(C(*)=O)cc2)cc1,0,2,0,3,0,266.296
P210042,0.5285772002081417,*c1ccc(C(F)(F)C(*)(F)F)cc1,0,1,0,2,0,176.112
P100019,0.5285177116319495,*CCCCCCCCC(=O)N*,0,0,0,8,0,155.241
P020151,0.5284046971625533,*CC(*)(C)c1ccccc1,0,1,0,3,0,118.17899999999995
P442009,0.5283226545044808,*CC(OC(C)C)C1C(=O)OC(=O)C1*,2,0,2,7,0,184.19099999999997
P332380,0.5278176097624157,*CC(*)c1nnn[nH]1,0,0,0,2,0,96.093
P210027,0.5277432589941942,*/C=C/c1ccc(*)cc1,0,1,0,0,0,102.13599999999997
P050003,0.5276624206212743,*CC(*)(F)F,0,0,0,2,0,64.034
P040021,0.5270137730799483,*CC(*)C(=O)OCC(F)(F)F,1,0,1,4,0,154.087
P400264,0.5267651215329819,*Nc1ccccc1-c1ccc(NC(=O)c2cccc(C(*)=O)c2)cc1,0,3,0,0,0,314.34400000000005
P070588,0.5262409198710419,*Oc1ccc(NC(=O)CCCCCCC(=O)Nc2ccc(*)cc2)cc1,0,2,0,6,0,338.407
P080004,0.5261512926528545,*CCS*,0,0,0,2,0,60.120999999999995
P134320,0.5258064568167629,*C(=O)c1ccc(C(=O)N(*)c2ccccc2)c(Sc2ccccc2)c1,0,3,0,0,0,331.396
P040279,0.5253907343776805,*CC(*)(C)C(=O)Oc1ccc(C#N)cc1,1,1,1,3,0,187.19799999999998
P100102,0.525150395515074,*Cc1cccc(CNC(=O)c2ccccc2-c2ccccc2C(=O)N*)c1,0,3,0,2,0,342.3980000000001
P160009,0.5251306030229059,*CCN(*)C(=O)CCCCC,0,0,0,7,0,141.214
P070030,0.525024515641061,*CC(CCCCCC)O*,0,0,0,8,0,128.215
P400244,0.5248893508843159,*Nc1cccc(CCc2ccc(NC(=O)c3cccc(C(*)=O)c3)cc2)c1,0,3,0,2,0,342.3980000000001
P470130,0.5248365238332008,*[Si](*)(C)c1ccccc1,0,1,0,1,0,120.22699999999995
P330048,0.523020620806594,*/C(Cl)=C(/*)CCCCCC,0,0,0,6,0,144.64499999999998
P160032,0.5226073197794763,*CCCN(*)C(=O)CC,0,0,0,5,0,113.15999999999998
P332188,0.5224134478362191,*CC/C(=C(/*)c1ccccc1)c1ccccc1,0,2,0,2,0,206.28799999999998
P020039,0.5222993354509277,*CC(*)c1cccc(Cl)c1,0,1,0,2,0,138.597
P080002,0.5212814898780999,*SC(*)(F)F,0,0,0,1,0,82.07400000000001
P342634,0.5210264486942723,*CC(*)(C)C(=O)Oc1ccc(OCc2ccccc2)cc1,1,2,2,4,0,268.31199999999995
P470057,0.5196238435498088,*[Si](*)(CCCC)CCCC,0,0,0,8,0,142.318
P090575,0.5192198309925594,*Oc1cccc(OC(=O)c2cc(OCCCCC)cc(C(*)=O)c2)c1,1,2,2,5,0,326.348
P110065,0.5186591040469328,*CCCOC(=O)Nc1cc(NC(=O)O*)ccc1C,0,1,1,4,0,250.254
P460179,0.5179717891359368,*N(C)[Si](*)(C)C=C,0,0,0,2,0,99.20899999999999
P040116,0.5176107216654313,*CC(*)(Cl)C(=O)OC,1,0,1,3,0,120.53499999999998
P342036,0.5170006804324991,*CC(*)C(=O)OCCCCn1c2ccccc2c2ccccc21,1,2,1,6,0,293.36600000000004
P462448,0.5166476137369896,*CCN(*)C(=O)CSC,0,0,0,4,0,131.2
P160001,0.5166137551789033,*CCN*,0,0,0,2,0,43.068999999999996
P342363,0.5148684800940537,*CC(*)C(=O)Nc1ccccc1Cl,0,1,0,2,0,181.62199999999999
P100040,0.5146760908690131,*CCCCCCCCCCNC(=O)CCCCC(=O)N*,0,0,0,14,0,282.42799999999994
P100009,0.5146760843999253,*CCCCCCNC(=O)CCCCCCCCC(=O)N*,0,0,0,14,0,282.4279999999999
P150086,0.5141166960962176,*Oc1ccc(C(C)(CC(C)C)c2ccc(OC(*)=S)cc2)cc1,0,2,1,6,0,312.434
P030015,0.5134225004018114,*CC(*)n1c2ccccc2c2ccccc21,0,2,0,2,0,193.24899999999997
P020191,0.5132055277558955,*CC(*)c1cccc(C)n1,0,0,0,3,0,119.16699999999999
P342158,0.5124508735793698,*C(*)C(=O)OC1CCCCC1,1,0,1,7,0,140.182
P392512,0.5121665240847371,*CC(=O)NCC(=O)O*,0,0,0,2,0,115.088
P472102,0.5120808932838968,*CCC(c1ccccc1)[Si](*)(C)C,0,1,0,5,0,176.33499999999995
P320019,0.5108425353255394,*CC(*)c1cccc(NC(C)=O)c1,0,1,0,3,0,161.20399999999998
P040299,0.5106922120065764,*CC(*)C(=O)Oc1ccc(C(=O)O)cc1,1,1,1,2,0,192.17
P050031,0.5105574519686082,*CCCC(Cl)C(*)Cl,0,0,0,5,0,139.02499999999998
P090093,0.5102352901234519,*CCCCCCC(=O)O*,0,0,0,6,0,128.171
P070056,0.5100889361015191,*CCCO*,0,0,0,3,0,58.08
P020002,0.5100292852514039,*CC(*)c1ccccc1C,0,1,0,3,0,118.17899999999997
P030068,0.509729136685096,*CC(*)Cc1ccccc1C,0,1,0,4,0,132.20599999999996
P360012,0.5092079245030978,*/C(C)=C(/*)CCCCC,0,0,0,6,0,110.2
P373493,0.5091364013460619,*CC(COC(C)C)O*,0,0,1,6,0,116.15999999999998
P020100,0.5084956289324098,*CC(*)c1ccc(C(=O)CCCC)cc1,0,1,0,6,0,188.26999999999998
P332004,0.508371866452087,*/C=C(/*)c1ccccc1C(F)(F)F,0,1,0,1,0,170.13299999999995
P472037,0.5083534347209933,*O[Si](*)(C)CCCCC,0,0,0,6,0,130.263
P070142,0.5083520058467942,*CCOCCOC(=O)c1cccc(C(=O)O*)c1,1,1,2,4,0,236.22299999999998
P090336,0.5082248769730005,*Oc1cccc(C(*)=O)c1,0,1,0,0,0,120.10699999999999
P312030,0.5076121258261106,*CCC([2H])C(*)([2H])C,0,0,0,5,0,72.147203556
P450064,0.5068840997461163,*CCCOC(=O)O*,0,0,1,3,0,102.08899999999998
P030036,0.5067334906359825,*/C=C/C(C)C(*)C(=O)OC,1,0,1,4,0,126.15499999999997
P100022,0.5061907621847321,*CCCCCCCCCC(=O)N*,0,0,0,9,0,169.26800000000003
P342499,0.5060536311059528,*CC(*)(C)C(=O)Oc1ccc(C(=O)c2ccccc2)cc1,1,2,1,3,0,266.296
P020098,0.5059723463709914,*CC(*)c1ccc(C(=O)CC)cc1,0,1,0,4,0,160.216
P332182,0.505383894092841,*CC(*)CN,0,0,0,3,0,57.09599999999999
P020007,0.5043752157019858,*CC(*)c1ccccc1COCCC,0,1,1,6,0,176.25899999999996
P070577,0.5039140933376821,*Oc1ccc(NC(=O)CCCCCCCC(=O)Nc2ccc(*)cc2)cc1,0,2,0,7,0,352.434
P330085,0.5038795807122345,*CC(*)[Si](C)(C)Cc1ccccc1,0,1,0,5,0,176.335
P080012,0.5038243898317284,*CCCS*,0,0,0,3,0,74.148
P090570,0.5031493867319689,*Oc1cc(CCC)cc(OC(=O)c2cccc(C(*)=O)c2)c1,1,2,1,3,0,282.295
P372108,0.5031127098962985,*CCOCCOc1ccc(N/C=N/c2ccc(O*)cc2)cc1,0,2,2,4,0,298.342
P050006,0.5029951793063357,*C(*)(F)F,0,0,0,1,0,50.007000000000005
P040061,0.502992122190208,*CC(*)(C)C(=O)OCCCCCCCCCCCCCC,1,0,1,17,0,282.4679999999999
P070014,0.5029366436379001,*CC(C)O*,0,0,0,3,0,58.08
P160010,0.5028037180535796,*CCCN(*)C(=O)CCCCC,0,0,0,8,0,155.24099999999999
P160011,0.5028036836912398,*CCN(*)C(=O)CCCCCC,0,0,0,8,0,155.24099999999999
P400357,0.5027266760144924,*CCCCCCNC(=O)c1ccc(C(=O)N*)c(Oc2ccc(Br)cc2)c1,0,2,1,6,0,417.30300000000005
P050017,0.5023310193095714,*CC(*)C(F)(F)F,0,0,0,3,0,96.051
P020190,0.5019497659275347,*CC(*)c1ccncc1,0,0,0,2,0,105.13999999999999
P372111,0.5016800115527665,*Oc1ccc(SC(=O)Sc2ccc(*)cc2)cc1,0,2,0,0,0,260.339
P370848,0.5011327731496591,*Oc1ccc(Oc2cccc(*)n2)c(C)c1,0,1,1,1,0,199.209
P040213,0.500326879458574,*CC(*)C(=O)Oc1ccc(Cl)cc1Cl,1,1,1,2,0,217.051
P400350,0.4997287806393293,*CCCCNC(=O)c1ccc(C(=O)N*)c(Sc2ccccc2)c1,0,2,0,4,0,326.421
P174483,0.4996371963963949,*C[Si](*)(CCCCC)CCCCC,0,0,0,11,0,184.39899999999997
P070378,0.4990961945435818,*CCC(C)O*,0,0,0,4,0,72.107
P432033,0.4984298976180576,*C1C(=O)N(C(C)CC)C(=O)C1*,0,0,0,6,0,153.18099999999998
P030014,0.4975780341897753,*CC(*)c1ccccn1,0,0,0,2,0,105.13999999999999
P030014,0.4975780341897753,*CC(*)c1ccccn1,0,0,0,2,0,105.13999999999999
P470062,0.4972968820669622,*[Si](*)(CCCC)CCCCC,0,0,0,9,0,156.345
P034424,0.4971645346338939,*CC(*)n1ccnc1,0,0,0,2,0,94.11699999999999
P342299,0.4963900977717008,*CC(*)C(=O)Oc1cc(C)cc(C)c1,1,1,1,4,0,176.21499999999997
P110066,0.4963319877435998,*CCCCOC(=O)Nc1ccc(C)c(NC(=O)O*)c1,0,1,1,5,0,264.281
P020013,0.4953649754457385,*CC(*)c1ccccc1COCCc1ccccc1,0,2,1,5,0,238.32999999999998
P342031,0.4946738636687591,*CC(*)C(=O)OCCCCCn1c2ccccc2c2ccccc21,1,2,1,7,0,307.39300000000003
P070309,0.4945192632222844,*Oc1ccc(C(C)(C)c2ccc(Oc3ccc(*)nn3)cc2)cc1,0,2,1,3,0,304.34900000000005
P034597,0.4945059337250882,*CC(*)C(=O)c1ccc(Br)cc1,0,1,0,2,0,211.058
P100042,0.4943123419948196,*CCCNC(=O)CCCCC(=O)NCCCN(*)C,0,0,0,11,0,255.36199999999997
P500039,0.4942970011783739,*CC(CC(C)C)S(*)(=O)=O,0,0,0,6,0,148.22699999999998
P412164,0.49367086815214,*CC(C)CNC(=O)O*,0,0,0,4,0,115.13199999999998
P400301,0.4934090637622577,*CCCCCCCCNC(=O)CC(=O)N*,0,0,0,9,0,212.293
P170073,0.4928218407275132,*O[SiH](*)C,0,0,0,1,0,60.128
P400258,0.4927964625890042,*CCCC(C)CNC(=O)c1ccc(C(=O)N*)cc1,0,1,0,6,0,246.31000000000003
P020035,0.492685851649755,*CC(*)c1cccc(C)c1,0,1,0,3,0,118.17899999999997
P100185,0.4923491853236225,*CCCCCCCCCCC(=O)NCCCCCC(=O)N*,0,0,0,15,0,296.455
P482034,0.4923250020783447,*N=P(*)(Cl)Oc1ccc(C)cc1,0,1,0,1,0,187.566
P500041,0.4919276816852809,*c1ccc(S(*)(=O)=O)cc1,0,1,0,0,0,140.163
P080097,0.4909309364697377,*Sc1ccc(*)cc1,0,1,0,0,0,108.16499999999998
P080097,0.4909309364697377,*Sc1ccc(*)cc1,0,1,0,0,0,108.16499999999998
P100130,0.4907268319242297,*Nc1cccc(NC(=O)c2ccc(C(*)=O)cc2)c1,0,2,0,0,0,238.246
P100127,0.4907267762226812,*Nc1ccc(NC(=O)c2cccc(C(*)=O)c2)cc1,0,2,0,0,0,238.246
P382233,0.4900717648431783,*Sc1ccc(Nc2ccc(*)cc2)cc1,0,2,0,0,0,199.27800000000002
P050007,0.4897427977133518,*C(F)(F)C(*)(F)Cl,0,0,0,2,0,116.46900000000001
P342133,0.4878439680690256,*CC(*)(C)C(=O)NC(C)c1ccccc1,0,1,0,5,0,189.258
P070064,0.4877619827606548,*CCCCO*,0,0,0,4,0,72.107
P460242,0.4863848791263608,*N=P(*)(NCCC)NCCC,0,0,0,6,0,161.189
P372072,0.4861782455905109,*Oc1ccccc1S(=O)(=O)c1ccc(*)cc1,0,2,0,0,0,232.26
P020101,0.4861687094529296,*CC(*)c1ccc(C(=O)CCCCC)cc1,0,1,0,7,0,202.29699999999997
P080099,0.4861244903208814,*Cc1ccc(CSS*)cc1,0,1,0,2,0,168.28600000000003
P174328,0.4860264134223174,*O[Si](*)(C)CCCCCC,0,0,0,7,0,144.29
P010001,0.4857813982462262,*C*,0,0,0,1,0,14.027
P010001,0.4857813982462262,*C*,0,0,0,1,0,14.027
P472134,0.4857690813796321,*O[Si](*)(CCC)c1ccccc1,0,1,0,3,0,164.28
P134429,0.4852874981585308,*C1C(=O)N(c2ccccc2C(=O)OC)C(=O)C1*,1,1,1,3,0,231.20699999999994
P020108,0.4850410531933946,*CC(*)c1ccc(F)cc1,0,1,0,2,0,122.14199999999998
P150101,0.4845571811497962,*CCCCOC(=O)O*,0,0,1,4,0,116.11599999999999
P160007,0.4841506601818575,*CCN(*)C(=O)CC(C)C,0,0,0,6,0,127.18699999999997
P070075,0.4840084359740616,*Oc1cccc(*)c1,0,1,0,0,0,92.097
P100024,0.4838638386348366,*CCCCCCCCCCC(=O)N*,0,0,0,10,0,183.29500000000002
P090339,0.4833130680103032,*Oc1ccc(CC(*)=O)cc1,0,1,0,1,0,134.13400000000001
P482035,0.4827144109198626,*N=P(*)(Oc1ccc(C)cc1)n1cncn1,0,1,0,1,0,220.17200000000003
P380131,0.4827120228689051,*c1ccc(Sc2ccc(S(*)(=O)=O)cc2)cc1,0,2,0,0,0,248.328
P462460,0.4825048238874375,*CCN(*)C(=O)c1ccc(F)cc1,0,1,0,2,0,165.16699999999997
P020009,0.4820482735600864,*CC(*)c1ccccc1COCCCC,0,1,1,7,0,190.28599999999994
P210001,0.4819578717573698,*c1ccc(*)cc1,0,1,0,0,0,76.098
P020014,0.4816441285875734,*CC(*)c1ccccc1C(=O)NC,0,1,0,3,0,161.20399999999998
P070714,0.4812696180423523,*COC(=O)NCc1ccc(CNC(=O)OCc2ccc(*)o2)o1,0,0,2,4,0,306.274
P090517,0.4809212238950132,*Oc1cc(CC)cc(OC(=O)c2cccc(C(*)=O)c2)c1,1,2,1,2,0,268.268
P090510,0.4808224977397916,*Oc1cc(CCCC)cc(OC(=O)c2cccc(C(*)=O)c2)c1,1,2,1,4,0,296.322
P160012,0.4804767622164141,*CCN(*)C(=O)CCCCCCC,0,0,0,9,0,169.26799999999997
P050002,0.4803266853608933,*CC(*)Cl,0,0,0,2,0,62.498999999999995
P100068,0.4802871702226774,*Nc1ccc(-c2ccc(NC(=O)c3cccc(C(*)=O)c3)cc2)cc1,0,3,0,0,0,314.344
P030067,0.4787685685032951,*CC(*)Cc1cccc(C)c1,0,1,0,4,0,132.20599999999996
P330049,0.4783668043858895,*/C(Cl)=C(/*)CCCCCCCC,0,0,0,8,0,172.69899999999996
P020177,0.4782379645095803,*CC(*)(C(=O)OC)c1ccccc1,1,1,1,3,0,162.188
P090085,0.4781618408545965,*CC(=O)O*,0,0,0,1,0,58.036
P020059,0.477632722704338,*CC(*)c1ccc(COCCOCC)cc1,0,1,2,7,0,206.28499999999997
P322056,0.4758845010547136,*CC(*)c1ccccc1OC(C)=O,1,1,1,3,0,162.18799999999996
P210006,0.4751632333304625,*CCc1ccc(*)cc1,0,1,0,2,0,104.15199999999997
P470121,0.4749699358282744,*[Si](*)(CCCC)CCCCCC,0,0,0,10,0,170.37199999999999
P210020,0.4744670814860963,*CCc1ccc(*)c(C#N)c1,0,1,0,2,0,129.162
P110068,0.4740051482390239,*CCCCCOC(=O)Nc1ccc(C)c(NC(=O)O*)c1,0,1,1,6,0,278.308
P050005,0.4735869587377176,*C(F)C(*)(F)F,0,0,0,2,0,82.024
P030148,0.4728868162067496,*CC(*)OC(=O)c1cccc([N+](=O)[O-])c1,1,1,1,2,0,193.15799999999996
P342032,0.4723469609298183,*CC(*)C(=O)OCCCCCCn1c2ccccc2c2ccccc21,1,2,1,8,0,321.4200000000001
P070055,0.4713576946136595,*OC(F)(F)C(*)(F)F,0,0,0,2,0,116.013
P100016,0.4700223321424118,*CCCCCCCCNC(=O)CCCCCCCCC(=O)N*,0,0,0,16,0,310.48199999999997
P100010,0.4700222964663993,*CCCCCCNC(=O)CCCCCCCCCCC(=O)N*,0,0,0,16,0,310.48199999999997
P460064,0.4693367666836014,*Nc1ccc(*)cc1,0,1,0,0,0,91.11299999999999
P020006,0.46918865805646,*CC(*)c1ccccc1COCC,0,1,1,5,0,162.23199999999997
P100087,0.4686901343451338,*CCCCCCNC(=O)c1ccccc1-c1ccccc1C(=O)N*,0,2,0,6,0,322.4080000000001
P040160,0.4686074597874085,*CC(*)C(=O)OCC(C)CC,1,0,1,7,0,142.19799999999998
P040256,0.4672601183517905,*CC(*)(C)C(=O)Oc1ccc(C(=O)OC)cc1,2,1,2,4,0,220.22399999999996
P332027,0.466621926045474,*CC(*)OC(=O)/C=C/c1ccccc1,1,1,1,2,0,174.19899999999998
P322170,0.4665481752813971,*CC(*)c1ccccc1C(F)(F)F,0,1,0,3,0,172.14899999999994
P392542,0.466273069566586,*C(=O)OC1CC(*)N(C(=O)OCc2ccccc2)C1,0,1,2,5,0,247.25
P020028,0.4660608979026864,*CC(*)c1ccccc1C(=O)OCCN(C)C,1,1,1,6,0,219.28399999999993
P040183,0.4659381192580833,*CC(*)C(=O)OCCSCCC#N,1,0,1,6,0,185.24799999999996
P050049,0.4659035779311263,*CCCCCC(Cl)C(*)Cl,0,0,0,7,0,167.079
P040147,0.4658219505069388,*CC(*)C(=O)OCC(CC)CCCC,1,0,1,10,0,184.27899999999994
P030182,0.4649948801967912,*CC(*)P(=O)(Oc1ccccc1)N(C)C,0,1,0,4,0,211.201
P390224,0.4647034451148313,*Oc1ccc(OC(=O)c2ccc(C(*)=O)cc2Sc2ccc(Cl)cc2)cc1,1,3,1,0,0,382.82400000000007
P360013,0.4645540814925943,*/C(C)=C(/*)CCCCCCC,0,0,0,8,0,138.25400000000002
P044506,0.4637807723876465,*CC(*)(CCC(C)C(=O)OC)C(=O)OC,2,0,2,8,0,200.23399999999995
P462143,0.4635671593629735,*Nc1ccc(N[Se]*)cc1,0,1,0,0,0,185.08800000000002
P070471,0.4635451131892408,*Oc1cccc(S(=O)(=O)c2ccc(*)cc2)c1,0,2,0,0,0,232.26000000000002
P020020,0.4634606432349272,*CC(*)c1ccccc1C(=O)OCCC,1,1,1,5,0,190.24199999999993
P110238,0.4627938500543644,*COC(=O)Nc1ccc(Cc2ccc(NC(=O)OCc3cocc3*)cc2)cc1,0,2,2,3,0,378.3840000000001
P370812,0.4625390662519774,*Oc1ccc(C(C)(C)c2ccc(Oc3cccc(*)n3)cc2)cc1,0,2,1,3,0,303.36100000000005
P150114,0.4622302221846532,*CCCCCOC(=O)O*,0,0,1,5,0,130.143
P100025,0.4615369012691414,*CCCCCCCCCCCC(=O)N*,0,0,0,11,0,197.322
P030110,0.4609860739958146,*CC(*)OC(=O)c1cccc(Br)c1,1,1,1,2,0,227.05699999999996
P370595,0.460676379098172,*Oc1ccc(C(=O)OCCOCCOC(=O)c2ccc(OC(*)=O)cc2)cc1,2,2,4,4,0,372.32900000000006
P070001,0.4606124451818602,*CO*,0,0,0,1,0,30.026
P342365,0.4601278158483733,*CC(*)C(=O)Nc1ccc(Cl)cc1,0,1,0,2,0,181.62199999999999
P020010,0.459721389799812,*CC(*)c1ccccc1COCCCCC,0,1,1,8,0,204.31299999999993
P030092,0.4593820879217706,*CC(*)SC,0,0,0,3,0,74.148
P090465,0.4592331555286971,*OC(C)CCOC(=O)c1ccc(-c2ccc(C(*)=O)cc2)cc1,1,2,1,4,0,296.322
P373432,0.4582397543028411,*CCNC(=O)c1ccccc1O*,0,1,0,2,0,163.17599999999996
P050001,0.4563731718090437,*CC(*)F,0,0,0,2,0,46.044
P090060,0.4561925522663646,*CCOC(=O)c1ccccc1C(=O)O*,1,1,1,2,0,192.16999999999996
P030018,0.4550899773430926,*CC(*)OC,0,0,1,3,0,58.08
P400351,0.4550748832782103,*CCCCCCNC(=O)c1ccc(C(=O)N*)c(Sc2ccccc2)c1,0,2,0,6,0,354.4750000000001
P090144,0.4550386569061208,*Oc1ccc(OC(=O)c2ccc(C(*)=O)cc2)cc1CCC(C)CC,1,2,1,6,0,324.37600000000015
P200018,0.4537248754641134,*c1ccc(Cc2ccc(S(*)(=O)=O)cc2)cc1,0,2,0,1,0,230.28799999999998
P040288,0.4536934426381852,*CC(*)C(=O)OCCC(C)OC,1,0,2,7,0,158.19699999999997
P100076,0.4525244219669266,*Nc1ccc(Cc2ccc(NC(=O)c3cccc(C(*)=O)c3)cc2)cc1,0,3,0,1,0,328.37100000000004
P110071,0.4516782806105534,*CCCCCCOC(=O)Nc1ccc(C)c(NC(=O)O*)c1,0,1,1,7,0,292.33500000000004
P390375,0.4512587706925068,*Oc1ccc(OC(=O)c2ccc(C(*)=O)cc2Oc2ccc(Br)cc2)cc1,1,3,2,0,0,411.20700000000005
P462447,0.4508920770108077,*CCN(*)C(=O)Cc1ccc(C(F)(F)F)cc1,0,1,0,4,0,229.20099999999994
P030087,0.4507649613666136,*C(OC(F)(F)F)C(*)(F)F,0,0,1,3,0,148.03
P400265,0.4505229714260016,*Nc1ccccc1-c1ccc(NC(=O)c2ccc(C(*)=O)cc2)cc1,0,3,0,0,0,314.344
P020153,0.4503703180978881,*C(F)(F)C(*)(F)c1ccccc1,0,1,0,2,0,158.122
P030025,0.4493541518679879,*CC(*)OC(=O)CC,1,0,1,4,0,100.11699999999999
P400247,0.4486470704589069,*Nc1cccc(CCc2ccc(NC(=O)c3ccc(C(*)=O)cc3)cc2)c1,0,3,0,2,0,342.3980000000001
P350009,0.4482554466828241,*C(F)C(*)C(F)(F)F,0,0,0,3,0,114.04100000000001
P050038,0.4478618108004606,*C(*)(F)Cl,0,0,0,1,0,66.462
P040035,0.4477327610886393,*CC(*)C(=O)OCCOCC,1,0,2,6,0,144.17
P400355,0.4473452153587655,*CCCCCCNC(=O)c1ccc(C(=O)N*)c(Oc2ccc(F)cc2)c1,0,2,1,6,0,356.39700000000005
P020061,0.4460571611044677,*CC(*)c1ccc(Cl)cc1,0,1,0,2,0,138.597
P340005,0.4448593679262412,*CC(*)C(=O)NC,0,0,0,3,0,85.106
P020157,0.4440226803032931,*CC(*)c1ccc(C(C)=O)cc1,0,1,0,3,0,146.189
P472001,0.4439572309885393,*[Si](*)(CCCCCC)c1ccccc1,0,1,0,6,0,190.36200000000002
P040215,0.4437650802124721,*CC(*)C(=O)Oc1cccc2ccccc12,1,2,1,2,0,198.22099999999998
P040185,0.4436111742290457,*CC(*)C(=O)OCCCSCCC#N,1,0,1,7,0,199.27499999999998
P040184,0.4436111449069075,*CC(*)C(=O)OCCSCCCC#N,1,0,1,7,0,199.27499999999995
P350004,0.4435766807310071,*CCCCCCC(Cl)C(*)Cl,0,0,0,8,0,181.10600000000002
P400272,0.4424789954537564,*Nc1cc(NC(=O)c2ccc(C(*)=O)cc2)cc(C(=O)Oc2ccccc2)c1,1,3,1,0,0,358.35300000000007
P460213,0.4417310215024479,*N=P(*)(NCCCC)NCCCC,0,0,0,8,0,189.24299999999997
P100643,0.4415227304281288,*CC(C)C(=O)N*,0,0,0,3,0,85.106
P020102,0.4415149389782523,*CC(*)c1ccc(C(=O)CCCCCCC)cc1,0,1,0,9,0,230.35099999999994
P170072,0.441372515619914,*O[Si](*)(C)CCCCCCCC,0,0,0,9,0,172.34399999999997
P020022,0.4411336871705402,*CC(*)c1ccccc1C(=O)OCCCC,1,1,1,6,0,204.26899999999992
P370811,0.4407581863657998,*Oc1ccc(Oc2cccc(*)n2)c(-c2ccccc2)c1,0,2,1,0,0,261.28000000000003
P150001,0.4399033163165327,*CCCCCCOC(=O)O*,0,0,1,6,0,144.17
P020110,0.439794391549143,*CC(*)c1ccc(I)cc1,0,1,0,2,0,230.048
P100028,0.4392100440875061,*CCCCCCCCCCCCC(=O)N*,0,0,0,12,0,211.349
P392394,0.4391053832363059,*OC1CCC(OC(=O)c2ccc(C(*)=O)cc2)CC1,1,1,1,6,0,246.26199999999997
P322039,0.4388367029498869,*CC(*)c1ccc(CCl)cc1,0,1,0,3,0,152.62400000000002
P170037,0.4385434557679337,*O[Si](C)(C)Oc1ccc(*)cc1,0,1,0,2,0,166.25199999999998
P030020,0.4372047966272489,*CC(*)OCCCC,0,0,1,6,0,100.161
P402277,0.4365726738314986,*CCNC(=O)c1ccc(C(=O)N*)c(Oc2ccccc2)c1,0,2,1,2,0,282.299
P090526,0.4361687482585509,*Oc1cc(CCCCCC)cc(OC(=O)c2cccc(C(*)=O)c2)c1,1,2,1,6,0,324.3760000000001
P020016,0.4358161709298035,*CC(*)c1ccccc1C(=O)Nc1ccccc1,0,2,0,2,0,223.275
P070376,0.4357167990338367,*CC(CCCCCCCCCC)O*,0,0,0,12,0,184.32299999999998
P170074,0.4356250839215157,*O[Si](*)(C)CC,0,0,0,3,0,88.182
P390223,0.4350900194711716,*Oc1ccc(OC(=O)c2ccc(C(*)=O)cc2Sc2ccc(C)cc2)cc1,1,3,1,1,0,362.4060000000001
P090633,0.4350577940403279,*CCCCOC(=O)c1ccc(C(C)(C)c2ccc(C(=O)O*)cc2)cc1,1,2,1,7,0,338.403
P090516,0.4339990708093678,*OC(C)CCCC(C)C(*)=O,0,0,0,7,0,142.19799999999998
P040177,0.433613688738481,*CC(*)C(=O)OCCSC,1,0,1,5,0,146.21099999999998
P400373,0.4334059893719281,*C(=O)NCCNC(=O)c1ncn(C)c1*,0,0,0,3,0,194.194
P462286,0.432688067544786,*CCN(*)C,0,0,0,3,0,57.09599999999999
P070572,0.4321098463568338,*CCOCCOC(=O)c1ccc(C(=O)O*)cc1,1,1,2,4,0,236.22299999999998
P090174,0.4319827150517304,*Oc1ccc(C(*)=O)cc1,0,1,0,0,0,120.10699999999999
P050014,0.4317059168289302,*C(*)F,0,0,0,1,0,32.016999999999996
P372812,0.4316807865059647,*CCCC(C)O[Si](C)(C)O*,0,0,0,7,0,160.289
P320018,0.4314770312650077,*CC(*)c1cccc(OC(C)=O)c1,1,1,1,3,0,162.188
P070712,0.4305411031134988,*COC(=O)Nc1ccc(Cc2ccc(NC(=O)OCc3ccc(*)o3)cc2)cc1,0,2,2,3,0,378.3840000000001
P342078,0.4300306032519717,*CC(*)(C)C(=O)Oc1ccc(C(=O)Oc2ccc(C)cc2)cc1,2,2,2,4,0,296.32199999999995
P134318,0.4296917654152145,*C(=O)c1cccc(C(=O)N(*)c2ccccc2)c1,0,2,0,0,0,223.231
P390058,0.4288180189303564,*CCOC(=O)Cc1ccc(C(=O)O*)cc1,1,1,1,3,0,206.19699999999997
P140032,0.4288042600093329,*OC(=O)c1cccc(C(*)=O)c1,0,1,0,0,0,148.11699999999996
P412206,0.4284932775564933,*CCN(CCOC(=O)Nc1ccc(C)c(NC(=O)O*)c1)c1ccccc1,0,2,1,5,0,355.39400000000006
P020019,0.4282740436089313,*CC(*)c1ccccc1C(=O)OCC,1,1,1,4,0,176.21499999999995
P040037,0.4254057669904298,*CC(*)C(=O)OCCCOCC,1,0,2,7,0,158.19699999999997
P030019,0.4243451653412617,*CC(*)OCC,0,0,1,4,0,72.107
P462133,0.4223187477616605,*=Nc1ccc(Cc2ccc(NC(=*)CCC)cc2)cc1,0,2,0,4,0,250.345
P040168,0.4222554730102691,*CC(*)C(=O)OCCC#N,1,0,1,4,0,125.127
P030048,0.421890563562053,*CC(*)OC(C)CC,0,0,1,6,0,100.161
P070567,0.4216702166099522,*CCOCCOC(=O)c1ccc(-c2ccc(C(=O)O*)cc2)cc1,1,2,2,4,0,312.321
P392429,0.4216176082634288,*CC(C)COC(=O)c1ccc(C(=O)O*)cc1,1,1,1,4,0,220.224
P020005,0.4209548210046772,*CC(*)c1ccccc1COC,0,1,1,4,0,148.20499999999998
P090090,0.4209276107998746,*CCCCCCCCCCC(=O)O*,0,0,0,10,0,184.279
P330046,0.4193700721999318,*/C(Cl)=C(/*)c1ccccc1,0,1,0,0,0,136.58099999999996
P030006,0.419357910830979,*CC(*)C(C)=O,0,0,0,3,0,70.091
P020024,0.4188068023682791,*CC(*)c1ccccc1C(=O)OCCCCC,1,1,1,7,0,218.2959999999999
P050004,0.4173956368461901,*CC(*)(Cl)Cl,0,0,0,2,0,96.944
P030089,0.4171763262843945,*C(F)(F)C(*)(F)OC(F)(F)F,0,0,1,3,0,166.01999999999998
P020041,0.4164436902650411,*CC(*)c1ccc(C)cc1,0,1,0,3,0,118.17899999999997
P100073,0.4154207205973744,*Cc1cccc(CNC(=O)c2cccc(C(=O)N*)c2)c1,0,2,0,2,0,266.3
P030021,0.4148778461310625,*CC(*)OCCCCC,0,0,1,7,0,114.188
P100131,0.4144845777211531,*Nc1ccc(NC(=O)c2ccc(C(*)=O)cc2)cc1,0,2,0,0,0,238.246
P100394,0.414258769282414,*CCCCCCCCCCC(=O)N(*)C,0,0,0,11,0,197.322
P020023,0.4141195335336304,*CC(*)c1ccccc1C(=O)OCC(C)C,1,1,1,6,0,204.26899999999995
P020114,0.4126152677607092,*CC(*)c1ccc(OCCC)cc1,0,1,1,5,0,162.232
P020103,0.4115215925733885,*CC(*)c1ccc(C(=O)Cc2ccccc2)cc1,0,2,0,3,0,222.28700000000003
P040178,0.4112867284663666,*CC(*)C(=O)OCCCSC,1,0,1,6,0,160.238
P392390,0.4104307415627792,*OC(CC)C(*)=O,0,0,0,3,0,86.08999999999999
P462513,0.4103611384458288,*CCCN(*)C,0,0,0,4,0,71.12299999999999
P040172,0.4102806998177056,*CC(*)C(=O)OCF,1,0,1,3,0,104.08
P372025,0.4102193308183974,*Oc1ccc(N[Se]Nc2ccc(*)cc2)cc1,0,2,0,0,0,277.185
P030027,0.4101906449535658,*CC(*)OCC(C)C,0,0,1,6,0,100.16099999999999
P370610,0.4087829685101796,*CC(CSC(C)C)O*,0,0,0,6,0,132.22799999999998
P400356,0.4083613230440769,*CCCCCCNC(=O)c1ccc(C(=O)N*)c(Oc2ccc(Cl)cc2)c1,0,2,1,6,0,372.8520000000001
P332034,0.408326149743117,*/C=C(/*)CCCOc1ccc(OC(=O)c2ccc(OCCCC)cc2)cc1,1,2,3,7,0,352.4300000000001
P070074,0.40776629015549,*Oc1ccc(*)cc1,0,1,0,0,0,92.097
P070453,0.4076186204195496,*Oc1cccc(Oc2cccc(OC(*)=O)c2)c1,0,2,2,0,0,228.203
P080007,0.407567394626001,*CC(C)S*,0,0,0,3,0,74.148
P330044,0.4062986276096531,*/C(CC)=C(/*)c1ccccc1,0,1,0,2,0,130.18999999999997
P322082,0.4041060669714168,*CCC(c1ccccc1)C(*)c1ccccc1,0,2,0,4,0,208.304
P100132,0.4040450241694606,*Nc1ccc(-c2ccc(NC(=O)c3ccc(C(*)=O)cc3)cc2)cc1,0,3,0,0,0,314.344
P080016,0.4037269928276724,*CCC(C)S*,0,0,0,4,0,88.17500000000001
P402394,0.4037131544371071,*C(=O)c1ccc(N(*)C)cc1,0,1,0,1,0,133.15
P100775,0.4036143630004745,*CCCCNC(=O)c1cccc(C(=O)N*)c1,0,1,0,4,0,218.256
P390222,0.4036071248906435,*Oc1ccc(OC(=O)c2ccc(C(*)=O)cc2Sc2ccccc2)cc1,1,3,1,0,0,348.3790000000001
P030069,0.4025264462519397,*CC(*)Cc1ccc(C)cc1,0,1,0,4,0,132.20599999999996
P074249,0.4021138032542012,*Oc1cccc(NC(=O)c2cccc(C(=O)Nc3ccc(*)cc3)c2)c1,0,3,0,0,0,330.3430000000001
P010002,0.4018415076627082,*CC(*)C,0,0,0,3,0,42.080999999999996
P080119,0.4013360459629882,*Oc1ccc(Sc2ccc(OC(*)=O)cc2)cc1,0,2,1,0,0,244.27100000000002
P100092,0.401327994487655,*CCCNC(=O)Cc1ccc(C(=O)N*)cc1,0,1,0,4,0,218.256
P070170,0.4012214842985351,*CC(=O)NCCCCCCNC(=O)CO*,0,0,0,8,0,214.265
P030024,0.4002886309334277,*CC(*)OC(C)=O,1,0,1,3,0,86.08999999999999
P332002,0.4001769803675594,*CC(*)S(=O)(=O)c1ccccc1,0,1,0,2,0,168.217
P070326,0.4001494461111773,*CCOCCOC(=O)C(CCC)C(=O)O*,1,0,2,8,0,216.23299999999995
P030099,0.400140581982683,*CC(*)C(=O)c1ccc(Cl)cc1,0,1,0,2,0,166.60699999999997
P462134,0.3999918195329895,*=Nc1ccc(Cc2ccc(NC(=*)CCCC)cc2)cc1,0,2,0,5,0,264.37199999999996
P040034,0.3994989688138265,*CC(*)C(=O)OCCOC,1,0,2,5,0,130.14299999999997
P342067,0.3990314002978239,*CC(*)C(=O)Nc1ccccc1,0,1,0,2,0,147.177
P372669,0.3990097805466662,*CCCCCCOc1ccc(/C=C/c2ccc(O*)cc2)cc1,0,2,1,6,0,294.394
P490008,0.3987774102006634,*CC(=O)C(*)C,0,0,0,3,0,70.09100000000001
P342077,0.398547762219366,*CC(*)(C)C(=O)Oc1ccc(C(=O)Oc2ccccc2)cc1,2,2,2,3,0,282.29499999999996
P020012,0.3984668906174292,*CC(*)c1ccccc1COCc1ccccc1,0,2,1,4,0,224.303
P070066,0.3984542838549356,*CCCCCCCCO*,0,0,0,8,0,128.215
P462042,0.3981602242275245,*=CNc1ccc(Cc2ccc(N=*)cc2)cc1,0,2,0,1,0,208.264
P104291,0.3975007325227851,*Nc1ccc(NC(=O)c2cccc(C(=O)c3ccc(C(*)=O)cc3)c2)cc1,0,3,0,0,0,342.35400000000004
P402241,0.3975005650501674,*Nc1ccc(C(=O)c2ccc(NC(=O)c3cccc(C(*)=O)c3)cc2)cc1,0,3,0,0,0,342.35400000000004
P462132,0.3974685743529024,*=Nc1ccc(Cc2ccc(NC(=*)CC)cc2)cc1,0,2,0,3,0,236.318
P030113,0.3968468937805764,*CC(*)OC(=O)c1ccccc1Cl,1,1,1,2,0,182.60599999999997
P020026,0.3964799635692265,*CC(*)c1ccccc1C(=O)OCCCCCC,1,1,1,8,0,232.3229999999999
P040051,0.3945821189244871,*CC(*)(C)C(=O)OC(C)C,1,0,1,6,0,128.17099999999996
P400018,0.3945562683391959,*CCCCCCCCCCCCCCC(=O)N*,0,0,0,14,0,239.40299999999996
P462043,0.3942830157520775,*=CNc1ccc(CCc2ccc(N=*)cc2)cc1,0,2,0,2,0,222.29100000000003
P450078,0.3936645448377618,*Oc1ccc(C(CC)c2ccc(OC(*)=O)cc2)cc1,0,2,1,3,0,254.28500000000003
P150008,0.3936436954998401,*Oc1ccc(C(CCC)c2ccc(OC(*)=O)cc2)cc1,0,2,1,4,0,268.312
P030022,0.3925508576919843,*CC(*)OCCCCCC,0,0,1,8,0,128.215
P373065,0.3921085193574067,*Oc1ccc(SSc2ccc(*)cc2)cc1,0,2,0,0,0,232.32900000000004
P422049,0.3919398270188458,*NC(=O)Nc1ccc(Cc2ccc(NC(=O)Nc3cccc(*)n3)cc2)cc1,0,2,0,1,0,359.38900000000007
P100397,0.3919318769325102,*CCCCCCCCCCCC(=O)N(*)C,0,0,0,12,0,211.349
P402278,0.391918707423707,*CCCCNC(=O)c1ccc(C(=O)N*)c(Oc2ccccc2)c1,0,2,1,4,0,310.353
P160013,0.3911691258832277,*CCN(*)C(=O)CCCCCCCCCCC,0,0,0,13,0,225.37599999999992
P370454,0.3907819820446023,*Oc1cccc(C(=O)c2ccc(*)cc2)c1,0,2,0,0,0,196.205
P373431,0.3907603075750375,*CCNC(=O)c1cccc(O*)c1,0,1,0,2,0,163.17599999999996
P020115,0.3902882954258312,*CC(*)c1ccc(OCCCC)cc1,0,1,1,6,0,176.259
P332021,0.390149955217694,*/C(C)=C(/*)SCC,0,0,0,3,0,100.18599999999999
P010003,0.3900668895445592,*CC(*)CC,0,0,0,4,0,56.10799999999999
P010004,0.3900461126471481,*CC(*)CCC,0,0,0,5,0,70.13499999999999
P040180,0.3889597548430245,*CC(*)C(=O)OCCCCSC,1,0,1,7,0,174.265
P422002,0.388528291502878,*CCCCCNC(=S)N*,0,0,0,5,0,144.24300000000002
P070316,0.3873029373972203,*Oc1ccc(S(=O)(=O)c2ccc(*)cc2)cc1,0,2,0,0,0,232.26000000000002
P020011,0.3867818651137285,*CC(*)c1ccccc1COCCC(C)C,0,1,1,8,0,204.31299999999996
P412209,0.3853277088417186,*CCN(Cc1ccccc1)C(=O)S*,0,1,0,3,0,193.27099999999996
P020001,0.3849607103304822,*CC(*)c1ccccc1,0,1,0,2,0,104.15199999999997
P020001,0.3849607103304822,*CC(*)c1ccccc1,0,1,0,2,0,104.15199999999997
P030111,0.3847439233756405,*CC(*)OC(=O)c1ccc(Br)cc1,1,1,1,2,0,227.05699999999996
P020076,0.3839060439424824,*CC(*)c1ccc(COCCC)cc1,0,1,1,6,0,176.259
P090061,0.3837346043609158,*Oc1cccc(OC(=O)c2cccc(C(*)=O)c2)c1,1,2,1,0,0,240.214
P020018,0.3828648180731696,*CC(*)c1ccccc1C(=O)OC,1,1,1,3,0,162.18799999999996
P070143,0.3826174060355407,*CCOC(=O)c1ccc(O*)cc1,1,1,1,2,0,164.15999999999997
P160016,0.3824244375576072,*CCN(*)C(=O)c1ccccc1,0,1,0,2,0,147.17699999999996
P490004,0.3818966432317913,*CC(=O)C(*)c1ccccc1,0,1,0,2,0,132.16199999999998
P010028,0.3810356401379366,*CC(*)CCc1ccccc1,0,1,0,4,0,132.20599999999996
P370327,0.3807819664823079,*Cc1ccc(CO*)cc1,0,1,0,2,0,120.15099999999998
P402395,0.3806234086775706,*C(=O)c1ccc(N(*)CCC)cc1,0,1,0,3,0,161.204
P030081,0.3800460426627889,*CC(*)SCCCC,0,0,0,6,0,116.229
P392245,0.3796913491878687,*Oc1ccc(CCNC(=O)c2cccc(C(*)=O)c2)cc1,0,2,0,2,0,267.284
P090028,0.3794388752867961,*CCOC(=O)c1cccc(C(=O)O*)c1,1,1,1,2,0,192.16999999999996
P070273,0.379031963858671,*CCCOc1cccc(C(=O)OC(=O)c2cccc(O*)c2)c1,2,2,2,3,0,298.294
P100091,0.3790010570798142,*CCCCNC(=O)Cc1ccc(C(=O)N*)cc1,0,1,0,5,0,232.28300000000002
P332022,0.3788007795364106,*/C(C)=C(/*)SCCCCCC,0,0,0,7,0,156.29399999999998
P070284,0.3777877749824074,*CCOCCOc1ccc(C(=O)OC(=O)c2ccc(O*)cc2)cc1,2,2,3,4,0,328.32
P020113,0.3774287144771349,*CC(*)c1ccc(OCC)cc1,0,1,1,4,0,148.205
P030137,0.3774226316831929,*CC(*)OC(=O)c1ccccc1C,1,1,1,3,0,162.18799999999996
P040036,0.3771720178533547,*CC(*)C(=O)OCCCOC,1,0,2,6,0,144.17
P070686,0.3770166423969978,*CCCOCCCOC(=O)c1ccc(-c2ccc(C(=O)O*)cc2)cc1,1,2,2,6,0,340.37500000000006
P330166,0.3762849993089121,*/C=C/C(C(=O)OCC)C(*)C(=O)OCC,2,0,2,6,0,198.21799999999996
P100143,0.3762821822032799,*Nc1ccc(Cc2ccc(NC(=O)c3ccc(C(*)=O)cc3)cc2)cc1,0,3,0,1,0,328.371
P090091,0.3762738314114475,*CCCCCCCCCCCCC(=O)O*,0,0,0,12,0,212.33299999999997
P310015,0.3756741614134035,*CCCC(*)C,0,0,0,5,0,70.135
P020058,0.3745207446025994,*CC(*)c1ccc(-c2ccccc2)cc1,0,2,0,2,0,180.25
P462131,0.3744004436768264,*=Nc1ccc(Cc2ccc(NC(=*)C)cc2)cc1,0,2,0,2,0,222.29100000000003
P070701,0.3742312431051864,*Oc1ccc(Oc2ccc(C(=O)c3ccc(*)cc3)cc2)cc1C,0,3,1,1,0,302.32900000000006
P462510,0.3735506317956775,*CCN(*)CC,0,0,0,4,0,71.12299999999999
P150004,0.372348839108732,*Oc1ccc(Cc2ccc(OC(*)=O)cc2)cc1,0,2,1,1,0,226.231
P342423,0.372060339805168,*CC(*)C(=O)Oc1ccc([N+](=O)[O-])cc1,1,1,1,2,0,193.15799999999996
P020015,0.3719055753547324,*CC(*)c1ccccc1C(=O)N(C)C,0,1,0,4,0,175.23099999999997
P030010,0.3712314330050037,*CC(*)C#N,0,0,0,2,0,53.06399999999999
P010027,0.3710434282732207,*CC(*)Cc1ccccc1,0,1,0,3,0,118.17899999999995
P030105,0.370527080434027,*CC(*)C(=O)c1ccc(C)cc1,0,1,0,3,0,146.189
P040182,0.3702499232683748,*CC(*)C(=O)OCCSCC#N,1,0,1,5,0,171.22099999999998
P150075,0.3696909368804429,*Oc1ccc(C(CC)c2ccc(OC(*)=S)cc2)cc1,0,2,1,3,0,270.353
P150076,0.3696701238392895,*Oc1ccc(C(CCC)c2ccc(OC(*)=S)cc2)cc1,0,2,1,4,0,284.38
P084485,0.3696206141281778,*/C(OC)=C(\OC)c1ccc(*)s1,0,0,2,2,0,168.21699999999998
P010007,0.3677191462443259,*CC(*)CCCC,0,0,0,6,0,84.16199999999999
P332033,0.3675419383012988,*/C=C(/*)CCCOc1ccc(OC(=O)c2ccc(OC)cc2)cc1,1,2,3,4,0,310.349
P210003,0.3666406722736268,*c1ccc(C(*)C)cc1,0,1,0,2,0,104.15199999999999
P030114,0.366620666408696,*CC(*)OC(=O)c1cccc(Cl)c1,1,1,1,2,0,182.60599999999997
P070325,0.3642580738429524,*CCOCCOC(=O)C(C)C(=O)O*,1,0,2,6,0,188.17899999999997
P330045,0.3641679613623435,*/C(CCCCCC)=C(/*)c1ccccc1,0,1,0,6,0,186.29800000000003
P342079,0.3630910921497314,*CC(*)(C)C(=O)Oc1ccc(C(=O)Oc2ccc(OC)cc2)cc1,2,2,3,4,0,312.32099999999997
P412210,0.3630006949918173,*CCCN(Cc1ccccc1)C(=O)S*,0,1,0,4,0,207.29799999999997
P040212,0.3629882464083274,*CC(*)C(=O)Oc1ccccc1Cl,1,1,1,2,0,182.60599999999997
P370810,0.3622664109442855,*Oc1cccc(Oc2cccc(*)n2)c1,0,1,1,0,0,185.18200000000002
P020152,0.3616694222255488,*CC(*)(C)c1ccc(C(C)C)cc1,0,1,0,6,0,160.25999999999996
P020077,0.3615790667252861,*CC(*)c1ccc(COCCCC)cc1,0,1,1,7,0,190.28599999999997
P160017,0.3600975967748435,*CCCN(*)C(=O)c1ccccc1,0,1,0,3,0,161.20399999999998
P020079,0.3591427391753273,*CC(*)c1ccc(COC(C)CC)cc1,0,1,1,7,0,190.28599999999997
P402396,0.3582964173750951,*C(=O)c1ccc(N(*)CCCC)cc1,0,1,0,4,0,175.231
P090466,0.3571119526697167,*CCCOC(=O)c1cccc(C(=O)O*)c1,1,1,1,3,0,206.19699999999997
P330005,0.3569002558324251,*CC(*)OC(=O)c1nn(C(C)=O)c2ccccc12,1,1,1,3,0,230.223
P390366,0.3568932316953962,*Oc1ccc(OC(=O)c2ccc(C(*)=O)cc2Oc2ccc(Cl)cc2)cc1,1,3,2,0,0,366.7560000000001
P070276,0.3567050807964081,*CCCCOc1cccc(C(=O)OC(=O)c2cccc(O*)c2)c1,2,2,2,4,0,312.321
P100090,0.3566742103054394,*CCCCCNC(=O)Cc1ccc(C(=O)N*)cc1,0,1,0,6,0,246.31000000000003
P342160,0.3566063689828565,*CC(*)C(=O)OCCN(C)C,1,0,1,6,0,143.18599999999998
P370437,0.3560049245376147,*Oc1cccc(Oc2cccc(*)c2)c1C#N,0,2,1,0,0,209.204
P070327,0.3554955883714037,*CCOCCOC(=O)C(CCCCC)C(=O)O*,1,0,2,10,0,244.28699999999992
P020198,0.3552348487906147,*CC(*)c1ccc(OC(C)=O)cc1,1,1,1,3,0,162.188
P040004,0.3540061389903514,*CC(*)C(=O)OCCC,1,0,1,5,0,114.14399999999999
P200011,0.353786951425721,*OS(=O)(=O)c1ccc(*)cc1,0,1,0,0,0,156.16199999999998
P134319,0.3534497346045733,*C(=O)c1ccc(C(=O)N(*)c2ccccc2)cc1,0,2,0,0,0,223.23100000000002
P070002,0.3520053383090872,*OC(*)C,0,0,0,2,0,44.053
P024305,0.3518909535931959,*CC(*)c1ccc(CCC)cc1,0,1,0,5,0,146.233
P070256,0.351086423842098,*CCOCCOC(=O)NCCCCCCNC(=O)O*,0,0,2,10,0,274.31699999999995
P150102,0.3505956507512247,*CCCCCCCCCCOC(=O)O*,0,0,1,10,0,200.278
P100282,0.3496991450855009,*CCCNC(=O)c1ccc(C(=O)N*)cc1,0,1,0,3,0,204.22899999999998
P020112,0.3495040717770402,*CC(*)c1ccc(OC)cc1,0,1,1,3,0,134.178
P150073,0.3483752316784462,*Oc1ccc(Cc2ccc(OC(*)=S)cc2)cc1,0,2,1,1,0,242.299
P030093,0.3478969983134427,*CC(*)OCCCCCCCC,0,0,1,10,0,156.269
P402279,0.3472648300860935,*CCCCCCNC(=O)c1ccc(C(=O)N*)c(Oc2ccccc2)c1,0,2,1,6,0,338.40700000000004
P030083,0.3467413004439093,*CC(*)SCC,0,0,0,4,0,88.175
P030131,0.3462711359308348,*CC(*)OC(=O)c1ccncc1,1,0,1,2,0,149.149
P472056,0.3462053658830903,*O[Si](*)(C)CCCOc1ccc(C(=O)Oc2ccc(OC)cc2)cc1,1,2,3,5,0,344.4390000000001
P030088,0.3458870201843748,*C(F)C(*)(F)OC(F)(F)F,0,0,1,3,0,148.02999999999997
P020025,0.3458672794469054,*CC(*)c1ccccc1C(=O)OCCC(C)C,1,1,1,7,0,218.29599999999994
P020119,0.3458404033333536,*CC(*)c1ccc(S(=O)(=O)OCCC)cc1,0,1,0,5,0,226.29699999999997
P010009,0.3453922258926504,*CC(*)CCCCC,0,0,0,7,0,98.189
P040207,0.3449957395304153,*CC(*)C(=O)OCCc1ccccc1,1,1,1,4,0,176.215
P030147,0.3446812345481433,*CC(*)OC(=O)c1cccnc1,1,0,1,2,0,149.14899999999997
P372109,0.344613412404201,*CCOCCOC(=O)c1ccc(N/C=N/c2ccc(C(=O)O*)cc2)cc1,1,2,2,4,0,354.36200000000014
P120006,0.3445524192569658,*CCCCCCCNC(=O)N*,0,0,0,7,0,156.229
P040141,0.3443604817518531,*CC(*)C(=O)OC(CC)CC,1,0,1,7,0,142.19799999999998
P422003,0.3438744242362537,*CCCCCCCNC(=S)N*,0,0,0,7,0,172.29700000000003
P040192,0.3435640024757997,*CC(*)C(=O)Oc1ccccc1C,1,1,1,3,0,162.18799999999996
P030107,0.3432778140979904,*CC(*)OC(=O)c1ccccc1OC(C)=O,2,1,2,3,0,206.19699999999995
P352009,0.3425246408874567,*CCCCCCCCC(*)Cl,0,0,0,9,0,160.688
P040179,0.3420572335128498,*CC(*)C(=O)OCCSCC,1,0,1,6,0,160.23799999999997
P020140,0.3403649952775344,*CC(*)c1cc(Br)ccc1OC(C)C,0,1,1,5,0,241.128
P070007,0.3402098295646029,*OC(*)CCC,0,0,0,4,0,72.107
P030096,0.3390441247202761,*CC(*)C(=O)c1ccccc1,0,1,0,2,0,132.16199999999998
P070163,0.338253565712389,*CCCCOc1ccc(C(=O)OCCOC(=O)c2ccc(O*)cc2)cc1,2,2,3,6,0,356.37399999999997
P030134,0.3375469767647289,*CC(*)OC(=O)c1ccccc1OC,1,1,2,3,0,178.18699999999995
P030138,0.337007257558442,*CC(*)OC(=O)c1cccc(C)c1,1,1,1,3,0,162.18799999999996
P462512,0.3365042172050793,*CCN(*)Cc1ccccc1,0,1,0,3,0,133.19399999999996
P020029,0.3361369550666659,*CC(*)c1ccc(C(=O)OCCN(C)C)cc1,1,1,1,6,0,219.28399999999996
P402397,0.3359695470421315,*C(=O)c1ccc(N(*)CCCCC)cc1,0,1,0,5,0,189.25799999999998
P090030,0.3347850845157906,*CCCCOC(=O)c1cccc(C(=O)O*)c1,1,1,1,4,0,220.224
P070280,0.334378104542803,*CCCCCOc1cccc(C(=O)OC(=O)c2cccc(O*)c2)c1,2,2,2,5,0,326.348
P450026,0.334146163327467,*Oc1ccc(Cc2ccc(Cc3ccc(OC(*)=O)cc3)cc2)cc1,0,3,1,2,0,316.356
P380030,0.3336501229383982,*CC(=O)NCCCCCCNC(=O)CS*,0,0,0,8,0,230.333
P020092,0.3335366690353256,*CC(*)c1ccc(C(=O)OCCC)cc1,1,1,1,5,0,190.24199999999996
P040006,0.3316791680688395,*CC(*)C(=O)OCCCC,1,0,1,6,0,128.171
P090092,0.3316200589670429,*CCCCCCCCCCCCCCC(=O)O*,0,0,0,14,0,240.38699999999994
P312004,0.3310202705168152,*CCCCCC(*)C,0,0,0,7,0,98.189
P110085,0.3301283292504706,*CCOC(=O)Nc1ccc(Cc2ccc(NC(=O)O*)cc2)cc1,0,2,1,3,0,312.325
P020042,0.3296627898479476,*CC(*)c1ccc(CC)cc1,0,1,0,4,0,132.206
P020045,0.3295640549013913,*CC(*)c1ccc(CCCC)cc1,0,1,0,6,0,160.26000000000002
P040297,0.3293389329999717,*C(*)C(=O)OCCC,1,0,1,4,0,100.117
P070158,0.3289778942987554,*Oc1ccc(C(=O)OCCOC(=O)c2ccc(*)cc2)cc1,2,2,2,2,0,284.267
P372272,0.328697845683337,*Oc1ccc(NC(=O)c2ccc(*)cc2)cc1,0,2,0,0,0,211.22000000000003
P150007,0.327686180405247,*Oc1ccc(C(C)c2ccc(OC(*)=O)cc2)cc1,0,2,1,2,0,240.258
P110102,0.3262511965973669,*CCOC(=O)Nc1ccc(CCc2ccc(NC(=O)O*)cc2)cc1,0,2,1,4,0,326.35200000000003
P370078,0.3258717154287551,*Oc1cccc(NC(=O)c2ccc(C(=O)Nc3ccc(*)cc3)cc2)c1,0,3,0,0,0,330.3430000000001
P070231,0.325871589509481,*Oc1ccc(NC(=O)c2cccc(C(=O)Nc3ccc(*)cc3)c2)cc1,0,3,0,0,0,330.3430000000001
P410033,0.324406126673355,*CCCNC(=O)O*,0,0,0,3,0,101.10499999999999
P070283,0.3234072110475721,*COCOc1ccc(C(=O)OC(=O)c2ccc(O*)cc2)cc1,2,2,3,2,0,300.26599999999996
P020105,0.3232171807470829,*CC(*)c1ccc(C(=O)c2ccc(C)cc2)cc1,0,2,0,3,0,222.287
P390233,0.3231148372481752,*OC(C)C(=O)OCC(*)=O,1,0,1,3,0,130.099
P010040,0.3230652481359573,*CC(*)CCCCCC,0,0,0,8,0,112.216
P010075,0.3228925078891037,*CCC(C)C(*)C,0,0,0,6,0,84.16199999999999
P044521,0.3216562704528392,*CC(*)(C#N)C(=O)OC(C)C,1,0,1,5,0,139.15399999999997
P402240,0.3212584525171268,*Nc1ccc(C(=O)c2ccc(NC(=O)c3ccc(C(*)=O)cc3)cc2)cc1,0,3,0,0,0,342.35400000000004
P040181,0.319730309091189,*CC(*)C(=O)OCCCSCC,1,0,1,7,0,174.265
P312005,0.3192456168662728,*CCCCCC(*)CC,0,0,0,8,0,112.216
P312006,0.3192247905905177,*CCCCCC(*)CCC,0,0,0,9,0,126.243
P040003,0.3188196281152445,*CC(*)C(=O)OCC,1,0,1,4,0,100.11699999999999
P020080,0.3169252537711646,*CC(*)c1ccc(COCCCCCC)cc1,0,1,1,9,0,218.33999999999995
P190003,0.3145397807473123,*Oc1ccc(C(=O)c2ccc(*)cc2)cc1,0,2,0,0,0,196.205
P373430,0.3145181301570691,*CCNC(=O)c1ccc(O*)cc1,0,1,0,2,0,163.176
P140012,0.3143592726875895,*OC(=O)c1ccc(Cc2ccc(C(*)=O)cc2)cc1,0,2,0,1,0,238.242
P020027,0.3141522860903088,*CC(*)c1ccccc1C(=O)Oc1ccccc1,1,2,1,2,0,224.259
P090176,0.3130514879024212,*OC(C)C(*)=O,0,0,0,2,0,72.06299999999999
P090163,0.3124581050178322,*CCCCCOC(=O)c1cccc(C(=O)O*)c1,1,1,1,5,0,234.251
P040193,0.3124228635875263,*CC(*)C(=O)Oc1cccc(C)c1,1,1,1,3,0,162.18799999999996
P080124,0.3114709743597941,*OC(=O)c1ccc(SCCCCSc2ccc(C(*)=O)cc2)cc1,0,2,0,4,0,344.457
P020094,0.3112097171136841,*CC(*)c1ccc(C(=O)OCCCC)cc1,1,1,1,6,0,204.26899999999995
P020060,0.3110715603327184,*CC(*)c1ccc(C#N)cc1,0,1,0,2,0,129.162
P340104,0.3093522588487137,*CC(*)C(=O)OCCCCC,1,0,1,7,0,142.198
P110086,0.3078013783030523,*CCCOC(=O)Nc1ccc(Cc2ccc(NC(=O)O*)cc2)cc1,0,2,1,4,0,326.35200000000003
P470029,0.3077728223632839,*O[Si](*)(C)CCCOc1ccc(C(=O)Oc2ccc(C#N)cc2)cc1,1,2,2,4,0,339.42300000000006
P390006,0.3074924987216054,*Oc1ccc(OC(=O)c2cccc(C(*)=O)c2)cc1,1,2,1,0,0,240.21400000000003
P070433,0.3066510329343948,*Oc1ccc(C(=O)OCCCOC(=O)c2ccc(*)cc2)cc1,2,2,2,3,0,298.294
P010008,0.3065590347864143,*CC(*)CC(C)C,0,0,0,6,0,84.16199999999999
P030104,0.3059743499792504,*CC(*)C(=O)c1ccc(CCC)cc1,0,1,0,5,0,174.24299999999997
P100098,0.305045227600966,*CCCCCNC(=O)c1ccc(C(=O)N*)cc1,0,1,0,5,0,232.28300000000002
P040007,0.3046650955103375,*CC(*)C(=O)OCC(C)C,1,0,1,6,0,128.17099999999996
P170009,0.3043445392388776,*O[Si](*)(CC)CC,0,0,0,4,0,102.209
P110103,0.3039242901863123,*CCOC(=O)Nc1ccc(CCCc2ccc(NC(=O)O*)cc2)cc1,0,2,1,5,0,340.379
P150074,0.3037125698669037,*Oc1ccc(C(C)c2ccc(OC(*)=S)cc2)cc1,0,2,1,2,0,256.326
P030102,0.3035874694153715,*CC(*)C(=O)c1ccc(OC)cc1,0,1,1,3,0,162.188
P030023,0.3032431918793862,*CC(*)OCCCCCCCCCC,0,0,1,12,0,184.32299999999998
P090027,0.3031967001966151,*CCOC(=O)c1ccc(C(=O)O*)cc1,1,1,1,2,0,192.16999999999996
P010006,0.3017458284362425,*CC(*)C(C)C,0,0,0,5,0,70.13499999999999
P010012,0.3007383049716321,*CC(*)CCCCCCC,0,0,0,9,0,126.243
P020074,0.300485702196383,*CC(*)c1ccc(COC)cc1,0,1,1,4,0,148.205
P120008,0.2998984696633672,*CCCCCCCCCNC(=O)N*,0,0,0,9,0,184.28300000000002
P342004,0.2990642932220879,*CC(*)C(=O)OCCCOc1ccc(-c2ccc(C#N)cc2)cc1,1,2,2,5,0,307.349
P020091,0.2983501424348503,*CC(*)c1ccc(C(=O)OCC)cc1,1,1,1,4,0,176.21499999999997
P070678,0.2975557155289594,*Oc1ccc(C(=O)c2cccc(C(=O)c3ccc(*)cc3)c2)cc1,0,3,0,0,0,300.313
P090527,0.2970526689059938,*Oc1ccc(-c2ccc(OC(=O)c3cccc(C(*)=O)c3)cc2)cc1,1,3,1,0,0,316.312
P312007,0.2968978958773256,*CCCCCC(*)CCCC,0,0,0,10,0,140.27
P390365,0.2957969813808579,*Oc1ccc(OC(=O)c2ccc(C(*)=O)cc2Oc2ccccc2)cc1,1,3,2,0,0,332.31100000000004
P020116,0.2950219573468072,*CC(*)c1ccc(OCCC(C)C)cc1,0,1,1,7,0,190.286
P044508,0.294910318685364,*CC(*)C(=O)O[Na],0,0,0,2,0,94.04499999999999
P040295,0.294152415943384,*C(*)C(=O)OCC,1,0,1,3,0,86.09
P090276,0.2927567552713558,*CCOC(=O)c1ccc(-c2ccc(C(=O)O*)cc2)cc1,1,2,1,2,0,268.268
P020104,0.2917341921551545,*CC(*)c1ccc(C(=O)c2ccccc2)cc1,0,2,0,2,0,208.26000000000002
P402398,0.29131560960484,*C(=O)c1ccc(N(*)CCCCCCC)cc1,0,1,0,7,0,217.31199999999995
P030115,0.2903785496059997,*CC(*)OC(=O)c1ccc(Cl)cc1,1,1,1,2,0,182.606
P090164,0.2901311748108549,*CCCCCCOC(=O)c1cccc(C(=O)O*)c1,1,1,1,6,0,248.278
P332023,0.2894930469888228,*/C(C)=C(/*)SCCCCCCCCCC,0,0,0,11,0,212.40199999999993
P040128,0.2881369024185104,*CC(*)C(=O)NC(C)C,0,0,0,5,0,113.15999999999998
P040011,0.2870253601093122,*CC(*)C(=O)OCCCCCC,1,0,1,8,0,156.225
P010020,0.2863664086741972,*CCCCCCCC(*)C,0,0,0,9,0,126.243
P370846,0.2860242578208138,*Oc1ccc(Oc2cccc(*)n2)cc1,0,1,1,0,0,185.18200000000002
P110087,0.2854745099472857,*CCCCOC(=O)Nc1ccc(Cc2ccc(NC(=O)O*)cc2)cc1,0,2,1,5,0,340.3790000000001
P470030,0.2854458505692668,*O[Si](*)(C)CCCCOc1ccc(C(=O)Oc2ccc(C#N)cc2)cc1,1,2,2,5,0,353.45000000000005
P020049,0.2849101667192654,*CC(*)c1ccc(CCCCCC)cc1,0,1,0,8,0,188.314
P090353,0.2843342181095212,*SC(C)C(*)=O,0,0,0,2,0,88.131
P070434,0.2843240736917767,*Oc1ccc(C(=O)OCCCCOC(=O)c2ccc(*)cc2)cc1,2,2,2,4,0,312.32099999999997
P020095,0.2841957354259661,*CC(*)c1ccc(C(=O)OCC(C)C)cc1,1,1,1,6,0,204.26899999999998
P030100,0.283746244182079,*CC(*)C(=O)c1ccc(CC)cc1,0,1,0,4,0,160.21599999999998
P390319,0.282317040539226,*CCOC(=O)c1ccc(-c2ccc(-c3ccc(C(=O)O*)cc3)cc2)cc1,1,3,1,2,0,344.366
P110104,0.2815973492078913,*CCOC(=O)Nc1ccc(CCCCc2ccc(NC(=O)O*)cc2)cc1,0,2,1,6,0,354.406
P040186,0.280942123624999,*CC(*)C(=O)OCCCCCCSCC#N,1,0,1,9,0,227.32899999999998
P090134,0.2808697826863255,*CCCOC(=O)c1ccc(C(=O)O*)cc1,1,1,1,3,0,206.19699999999997
P010013,0.2784113557402086,*CC(*)CCCCCCCC,0,0,0,10,0,140.27
P390060,0.2771844048851419,*Cc1ccc(COC(=O)Cc2ccc(C(=O)O*)cc2)cc1,1,2,1,3,0,282.29499999999996
P342450,0.2767373835655327,*CC(*)C(=O)OCCCCOc1ccc(-c2ccc(C#N)cc2)cc1,1,2,2,6,0,321.37600000000003
P370847,0.2755844239594709,*Oc1ccc(-c2ccc(Oc3cccc(*)n3)cc2)cc1,0,2,1,0,0,261.28000000000003
P180038,0.2741156435310684,*N=P(*)(Oc1ccc(C)cc1)Oc1ccc(C)cc1,0,2,0,2,0,259.245
P030112,0.2734720699124205,*CC(*)OC(=O)c1ccc(OC(=O)CCC)cc1,2,1,2,5,0,234.25099999999995
P040002,0.2734104084828235,*CC(*)C(=O)OC,1,0,1,3,0,86.08999999999999
P070321,0.273229089223945,*OC(*)CCCCCC,0,0,0,7,0,114.188
P070211,0.2727749803769187,*CCCNC(=O)c1ccc(C(=O)NCCCO*)cc1,0,1,0,6,0,262.3089999999999
P044290,0.2709459044934426,*CC(*)C(=O)OCCCCCC(=O)Oc1ccc(-c2ccc(C#N)cc2)cc1,2,2,2,7,0,363.41300000000007
P030135,0.2700675984404808,*CC(*)OC(=O)c1cccc(OC)c1,1,1,2,3,0,178.18699999999995
P090040,0.2692899170852404,*Oc1ccc(Cc2ccc(OC(=O)c3cccc(C(*)=O)c3)cc2)cc1,1,3,1,1,0,330.339
P390009,0.2669463754540749,*CCN(CCOC(=O)c1cccc(C(=O)O*)c1)c1ccccc1,1,2,1,4,0,311.337
P020096,0.2665560832334608,*CC(*)c1ccc(C(=O)OCCCCCC)cc1,1,1,1,8,0,232.32299999999992
P070329,0.2661881363206727,*CCOCCOC(=O)C(CCCCCCCCC)C(=O)O*,1,0,2,14,0,300.3949999999999
P140025,0.2658282945035467,*OC(=O)c1ccc(CCCCc2ccc(C(*)=O)cc2)cc1,0,2,0,4,0,280.323
P040278,0.265794175090531,*CC(*)C(=O)Oc1ccc(Cl)cc1,1,1,1,2,0,182.606
P040012,0.2646984814941331,*CC(*)C(=O)OCCCCCCC,1,0,1,9,0,170.25199999999998
P462256,0.2636541271626671,*c1ccc(-c2ccc(N(*)c3ccc(CCCC)cc3)cc2)cc1,0,3,0,4,0,299.417
P392169,0.2636508884086981,*CC(=O)NC(C)C(=O)O*,0,0,0,3,0,129.11499999999998
P110088,0.2631476525104599,*CCCCCOC(=O)Nc1ccc(Cc2ccc(NC(=O)O*)cc2)cc1,0,2,1,6,0,354.40600000000006
P390326,0.2628373556653459,*CCCCCOC(=O)c1ccc(/C=C/c2ccc(C(=O)O*)cc2)cc1,1,2,1,5,0,336.38700000000006
P070167,0.2619972530939403,*Oc1ccc(C(=O)OCCCCCOC(=O)c2ccc(*)cc2)cc1,2,2,2,5,0,326.34799999999996
P040199,0.261808756008594,*CC(*)C(=O)Oc1ccccc1C(=O)OCC,2,1,2,4,0,220.22399999999993
P030139,0.2607651104640305,*CC(*)OC(=O)c1ccc(C)cc1,1,1,1,3,0,162.188
P040217,0.2591649088434307,*CC(*)C(=O)N(C)C,0,0,0,4,0,99.133
P090029,0.2585429202137241,*CCCCOC(=O)c1ccc(C(=O)O*)cc1,1,1,1,4,0,220.224
P390380,0.2565324497307509,*Oc1ccc(OC(=O)Oc2ccc(C(*)=O)cc2)cc1,0,2,2,0,0,256.213
P020186,0.2562775837371058,*CC(*)c1ccc(C(=O)c2ccc(OC)cc2)cc1,0,2,1,3,0,238.286
P040008,0.2552710276737168,*CC(*)C(=O)OC(C)CC,1,0,1,6,0,128.17099999999996
P070305,0.2551342927331941,*Oc1ccc(Oc2ccc(OC(*)=O)cc2)cc1,0,2,2,0,0,228.203
P382410,0.2550163518296184,*c1cc(C(C(=O)OC)C(=O)OC)c(*)s1,2,0,2,3,0,212.22599999999997
P110100,0.2547367269950461,*Cc1cccc(COC(=O)Nc2ccc(Cc3ccc(NC(=O)O*)cc3)cc2)c1,0,3,1,3,0,388.4230000000001
P372879,0.2543906387668072,*Oc1ccc(C(=O)NNC(=O)c2ccc(*)cc2)cc1,0,2,0,0,0,254.24500000000003
P020090,0.2529409385208095,*CC(*)c1ccc(C(=O)OC)cc1,1,1,1,3,0,162.188
P312008,0.2522440552400888,*CCCCCC(*)CCCCCC,0,0,0,12,0,168.32399999999998
P462135,0.2516874347005394,*=Nc1ccc(Cc2ccc(NC(=*)c3ccccc3)cc2)cc1,0,3,0,1,0,284.362
P070232,0.2496294607896452,*Oc1ccc(NC(=O)c2ccc(C(=O)Nc3ccc(*)cc3)cc2)cc1,0,3,0,0,0,330.343
P070271,0.2488746389696451,*CCOc1ccc(C(=O)OC(=O)c2ccc(O*)cc2)cc1,2,2,2,2,0,284.26699999999994
P040296,0.2487431697486989,*C(*)C(=O)OC,1,0,1,2,0,72.063
P090429,0.2481031450926239,*CCCCOC(=O)c1ccc(-c2ccc(C(=O)O*)cc2)cc1,1,2,1,4,0,296.322
P040206,0.2480977580263313,*CC(*)C(=O)OCc1ccccc1,1,1,1,3,0,162.188
P342399,0.2453990039510622,*C(C)C(*)C(=O)OCCC,1,0,1,6,0,128.171
P392170,0.2452026841265436,*OC(C)C(=O)NC(C)C(*)=O,0,0,0,4,0,143.14199999999997
P140014,0.2435014337257535,*OC(=O)c1ccc(CCCCCc2ccc(C(*)=O)cc2)cc1,0,2,0,5,0,294.34999999999997
P040013,0.2423715390897388,*CC(*)C(=O)OCCCCCCCC,1,0,1,10,0,184.27899999999997
P020084,0.2419816122105919,*CC(*)c1ccc(C(=O)N(C)C)cc1,0,1,0,4,0,175.231
P110092,0.240820856002707,*CCCCCCOC(=O)Nc1ccc(Cc2ccc(NC(=O)O*)cc2)cc1,0,2,1,7,0,368.4330000000001
P070168,0.2396701376912828,*Oc1ccc(C(=O)OCCCCCCOC(=O)c2ccc(*)cc2)cc1,2,2,2,6,0,340.37499999999994
P390320,0.2376632707032278,*CCCCOC(=O)c1ccc(-c2ccc(-c3ccc(C(=O)O*)cc3)cc2)cc1,1,3,1,4,0,372.4200000000001
P090031,0.2362158928629161,*CCCCCOC(=O)c1ccc(C(=O)O*)cc1,1,1,1,5,0,234.251
P040194,0.2361807121923563,*CC(*)C(=O)Oc1ccc(C)cc1,1,1,1,3,0,162.188
P372586,0.2353648431628697,*Oc1cccc(Oc2ccc(C(=O)c3ccc(*)cc3)cc2)c1,0,3,1,0,0,288.302
P330165,0.2348414028989619,*/C=C/C(C(=O)OCc1ccccc1)C(*)C(=O)OCc1ccccc1,2,2,2,4,0,322.36
P010042,0.2337575165131686,*CC(*)CCCCCCCCCC,0,0,0,12,0,168.32399999999998
P342207,0.2320835924123721,*CC(*)C(=O)OCCCCCCOc1ccc(-c2ccc(C#N)cc2)cc1,1,2,2,8,0,349.43000000000006
P090187,0.2319243517036817,*CC(C)C(=O)O*,0,0,0,3,0,86.08999999999999
P090413,0.2312503837534556,*Oc1ccc(OC(=O)c2ccc(C(*)=O)cc2)cc1,1,2,1,0,0,240.21400000000003
P020117,0.2295434712917596,*CC(*)c1ccc(Oc2ccccc2)cc1,0,2,1,2,0,196.24900000000002
P030026,0.2292820960512643,*CC(*)OC(=O)c1ccccc1,1,1,1,2,0,148.16099999999997
P370150,0.2283174491383774,*Oc1ccc(OC(=O)c2cccc(Oc3cccc(C(*)=O)c3)c2)cc1,1,3,2,0,0,332.3110000000001
P090498,0.2278051049238659,*Cc1ccc(COC(=O)c2cccc(C(=O)O*)c2)cc1,1,2,1,2,0,268.268
P070274,0.2265477268787266,*CCCOc1ccc(C(=O)OC(=O)c2ccc(O*)cc2)cc1,2,2,2,3,0,298.294
P090383,0.2257761789799544,*CCCCCOC(=O)c1ccc(-c2ccc(C(=O)O*)cc2)cc1,1,2,1,5,0,310.34900000000005
P020008,0.224340751723175,*CC(*)c1ccccc1COC(C)C,0,1,1,6,0,176.259
P342401,0.2230720520051264,*C(C)C(*)C(=O)OCCCC,1,0,1,7,0,142.198
P462243,0.2227541307049564,*CCCCCCCCCCN/C(C)=N/*,0,0,0,11,0,196.33800000000002
P110004,0.2221730946873953,*CCOC(=O)NCCCCCCNC(=O)O*,0,0,1,8,0,230.26399999999995
P412224,0.2221730773616407,*CCCCOC(=O)NCCCCNC(=O)O*,0,0,1,8,0,230.26399999999995
P030120,0.221750053168248,*CC(*)OC(=O)c1ccc(OCC)cc1,1,1,2,4,0,192.21399999999997
P070666,0.2213135590319367,*Oc1ccc(C(=O)c2ccc(C(=O)c3ccc(*)cc3)cc2)cc1,0,3,0,0,0,300.313
P140010,0.2211745862192854,*OC(=O)c1ccc(CCCCCCc2ccc(C(*)=O)cc2)cc1,0,2,0,6,0,308.37699999999995
P390218,0.220810569423786,*Oc1ccc(-c2ccc(OC(=O)c3ccc(C(*)=O)cc3)cc2)cc1,1,3,1,0,0,316.312
P040148,0.2200446679363517,*CC(*)C(=O)OCCCCCCCCC,1,0,1,11,0,198.30599999999995
P020043,0.2182254111613179,*CC(*)c1ccc(C(C)C)cc1,0,1,0,5,0,146.233
P090136,0.2173913919694808,*CC(C)C(C)COC(=O)c1ccc(C(=O)O*)cc1,1,1,1,6,0,248.278
P040198,0.2163996612498752,*CC(*)C(=O)Oc1ccccc1C(=O)OC,2,1,2,3,0,206.19699999999995
P320001,0.2161454967214048,*CC(*)c1ccc(C(=O)OCCN(CC)CC)cc1,1,1,1,8,0,247.33799999999994
P090032,0.2138889881601419,*CCCCCCOC(=O)c1ccc(C(=O)O*)cc1,1,1,1,6,0,248.278
P342398,0.2102124888860854,*C(C)C(*)C(=O)OCC,1,0,1,5,0,114.14399999999999
P312009,0.2075903468645241,*CCCCCC(*)CCCCCCCC,0,0,0,14,0,196.37799999999996
P332013,0.2051207126043603,*/C(=C(/*)c1ccc(CCCC)cc1)c1ccccc1,0,2,0,4,0,234.34200000000004
P040191,0.2046977900002806,*CC(*)C(=O)Oc1ccccc1,1,1,1,2,0,148.16099999999997
P070277,0.2042208026998774,*CCCCOc1ccc(C(=O)OC(=O)c2ccc(O*)cc2)cc1,2,2,2,4,0,312.32099999999997
P090300,0.2034491958644868,*CCCCCCOC(=O)c1ccc(-c2ccc(C(=O)O*)cc2)cc1,1,2,1,6,0,324.37600000000003
P110008,0.1998461992499525,*CCCOC(=O)NCCCCCCNC(=O)O*,0,0,1,9,0,244.29099999999994
P030108,0.1995563071257108,*CC(*)OC(=O)c1ccc(OC(C)=O)cc1,2,1,2,3,0,206.19699999999997
P040201,0.1943293557607422,*CC(*)C(=O)Oc1cccc(C(=O)OCC)c1,2,1,2,4,0,220.22399999999993
P040205,0.1942579202854442,*CC(*)C(=O)Oc1ccc(-c2ccccc2)cc1,1,2,1,2,0,224.25900000000001
P030136,0.1938254441994067,*CC(*)OC(=O)c1ccc(OC)cc1,1,1,2,3,0,178.18699999999998
P160005,0.1875287812187712,*CCN(*)C(=O)C(C)C,0,0,0,5,0,113.15999999999997
P070279,0.1818937639355811,*CCCCCOc1ccc(C(=O)OC(=O)c2ccc(O*)cc2)cc1,2,2,2,5,0,326.348
P090631,0.1811223951874105,*CCCCCCCOC(=O)c1ccc(-c2ccc(C(=O)O*)cc2)cc1,1,2,1,7,0,338.4030000000001
P373740,0.1795933068370822,*CCCOC(=O)C(C)O*,1,0,1,5,0,130.14299999999997
P150009,0.1789947313592384,*Oc1ccc(C(c2ccc(OC(*)=O)cc2)C(C)C)cc1,0,2,1,4,0,268.31199999999995
P110013,0.1775192101737359,*CCCCOC(=O)NCCCCCCNC(=O)O*,0,0,1,10,0,258.3179999999999
P110206,0.1775192068597614,*CCCCCCOC(=O)NCCCCNC(=O)O*,0,0,1,10,0,258.318
P070269,0.1770711640048667,*COc1ccc(C(=O)OC(=O)c2ccc(O*)cc2)cc1,2,2,2,1,0,270.24
P040211,0.1742085780991257,*CC(*)C(=O)OCc1ccc(C#N)cc1,1,1,1,3,0,187.19799999999998
P030121,0.1739842181488637,*CC(*)OC(=O)c1ccc(CC)cc1,1,1,1,4,0,176.21499999999997
P342003,0.1725677693141801,*CC(*)C(=O)Oc1ccc(C(=O)c2ccc(Cl)cc2)cc1,1,2,1,2,0,286.714
P030101,0.1723088174594917,*CC(*)C(=O)c1ccc(C(C)C)cc1,0,1,0,5,0,174.24299999999997
P402037,0.1721519711498335,*/N=N/c1ccc(C(=O)NCCCCNC(=O)c2ccc(*)cc2)cc1,0,2,0,4,0,322.368
P392077,0.171046432833554,*CCCCOC(=O)c1ccc(N/C=N/c2ccc(C(=O)O*)cc2)cc1,1,2,1,4,0,338.36300000000006
P340064,0.1695313450786109,*CC(*)C(=O)OCCOc1ccc(C(=O)Oc2ccc(OC)cc2)cc1,2,2,4,5,0,342.3470000000001
P462493,0.1692554981020089,*CCCN(C)c1ccc(C(=O)c2ccc(N(*)C)cc2)cc1,0,2,0,5,0,280.371
P040197,0.1692411120118315,*CC(*)C(=O)Oc1ccc(OC)cc1,1,1,2,3,0,178.18699999999998
P020085,0.1671318524516465,*CC(*)c1ccc(C(=O)N(CC)CC)cc1,0,1,0,6,0,203.28499999999997
P030045,0.1666195229424636,*CC(*)OC(C)C,0,0,1,5,0,86.134
P070282,0.1595668401127092,*CCCCCCOc1ccc(C(=O)OC(=O)c2ccc(O*)cc2)cc1,2,2,2,6,0,340.37500000000006
P070466,0.1591227001270464,*Oc1ccc(Oc2ccc(C(=O)c3ccc(*)cc3)cc2)cc1,0,3,1,0,0,288.302
P070466,0.1591227001270464,*Oc1ccc(Oc2ccc(C(=O)c3ccc(*)cc3)cc2)cc1,0,3,1,0,0,288.302
P090367,0.1587954064686304,*CCCCCCCCOC(=O)c1ccc(-c2ccc(C(=O)O*)cc2)cc1,1,2,1,8,0,352.4300000000001
P110006,0.1551924692202115,*CCOC(=O)NCCCCCCCCCNC(=O)O*,0,0,1,11,0,272.34499999999997
P110020,0.1551924176784516,*CCCCCOC(=O)NCCCCCCNC(=O)O*,0,0,1,11,0,272.34499999999997
P150077,0.155021083700833,*Oc1ccc(C(c2ccc(OC(*)=S)cc2)C(C)C)cc1,0,2,1,4,0,284.38
P070627,0.1520754098878099,*Oc1ccc(Oc2ccc(OC(=O)c3cccc(C(*)=O)c3)cc2)cc1,1,3,2,0,0,332.31100000000004
P370151,0.1520754093164649,*Oc1cccc(OC(=O)c2ccc(Oc3ccc(C(*)=O)cc3)cc2)c1,1,3,2,0,0,332.31100000000004
P040200,0.1489201719851306,*CC(*)C(=O)Oc1cccc(C(=O)OC)c1,2,1,2,3,0,206.19699999999995
P040208,0.14622187684307,*CC(*)C(=O)Oc1cccc(N(C)C)c1,1,1,1,4,0,191.22999999999996
P044512,0.141324374978119,*CCC(C(=O)OC)C(*)C(=O)OC,2,0,2,6,0,172.17999999999998
P110007,0.1328656110925684,*CCOC(=O)NCCCCCCCCCCNC(=O)O*,0,0,1,12,0,286.37199999999996
P110027,0.13286554127693,*CCCCCCOC(=O)NCCCCCCNC(=O)O*,0,0,1,12,0,286.37199999999996
P040204,0.130946884966447,*CC(*)C(=O)Oc1ccc(C(=O)OCCCC)cc1,2,1,2,6,0,248.27799999999993
P040210,0.1308085716207015,*CC(*)C(=O)Oc1ccc(C#N)cc1,1,1,1,2,0,173.171
P040203,0.1180872765906377,*CC(*)C(=O)Oc1ccc(C(=O)OCC)cc1,2,1,2,4,0,220.22399999999996
P110029,0.1105386485979574,*CCCCCCCOC(=O)NCCCCCCNC(=O)O*,0,0,1,13,0,300.399
P020021,0.1094543842792759,*CC(*)c1ccccc1C(=O)OC(C)C,1,1,1,5,0,190.24199999999996
P010044,0.099796210931246,*CC(*)CCCCCCCCCCCCCCCC,0,0,0,18,0,252.4859999999999
P110030,0.0882117239874354,*CCCCCCCCOC(=O)NCCCCCCNC(=O)O*,0,0,1,14,0,314.426
P040202,0.072678018295926,*CC(*)C(=O)Oc1ccc(C(=O)OC)cc1,2,1,2,3,0,206.19699999999997
P110033,0.0658847384424544,*CCCCCCCCCOC(=O)NCCCCCCNC(=O)O*,0,0,1,15,0,328.45300000000003
P030132,0.0625468095037959,*CC(*)OC(=O)c1ccc(C(C)C)cc1,1,1,1,5,0,190.242
P342351,0.047365527834046,*CC(*)C(=O)Oc1ccc(C(=O)OCc2ccccc2)cc1,2,2,2,3,0,282.29499999999996
P040005,-3.2361777702050176e-08,*CC(*)C(=O)OC(C)C,1,0,1,5,0,114.14399999999998
P020093,-0.0204694776403803,*CC(*)c1ccc(C(=O)OC(C)C)cc1,1,1,1,5,0,190.242
P342159,-0.0246672067754274,*C(*)C(=O)OC(C)C,1,0,1,4,0,100.11699999999999
P462093,-0.0528898557588152,*N=P(*)(Oc1ccc(C(=O)OC)cc1)Oc1ccc(C(=O)OC)cc1,2,2,2,2,0,347.2630000000001
P342400,-0.1086071352618587,*C(C)C(*)C(=O)OC(C)C,1,0,1,6,0,128.17099999999996
